cookie_id,score
ck_315fb710a0e371e7,9.694017475869072e-05
ck_a76ee3b3e3e522fd,0.03234097045159683
ck_94c9a4d382689e82,0.02297803844875083
ck_8eaf9509ad9462a0,0.00019928318848687077
ck_9a88a5a989cb5bc6,0.003933981896388051
ck_15239ef0689c1a35,0.005229653015945285
ck_8de69cd219d3b87f,0.5100147843855598
ck_f92cd37022b0ce21,0.02557026654477792
ck_1a3ff7620580a514,0.0017240255545082428
ck_397c03aa33a57310,0.09089106642905173
ck_a7cf6c3b322f6b7a,0.003485459245156512
ck_c39a9e75760e3201,0.0025753336163845553
ck_88ab6d245228c38e,0.00018039559826824158
ck_17733f75ebdea93e,0.014698734423313988
ck_58eb871e8d7bed52,0.03954941826739108
ck_e55b7fa67db1ec27,0.0001911238982703757
ck_62f5cfe22c952694,0.0014934449895475503
ck_7fbb709a0fe95759,4.8387198222822037e-05
ck_87abe9cd066a20fb,0.060237353256929534
ck_d58e058b5c553dd5,0.004946119268999589
ck_d27b872648b71202,0.005743527849981986
ck_4b4a3c5b95c55b43,0.0004914625209710847
ck_66dd4f4b4127256d,0.0013653514596696284
ck_93cc12703b500613,0.4198768926731639
ck_d28806a2179092eb,0.999507578903684
ck_0595c2a0c7881e05,0.04018588674608667
ck_50087d8666191144,0.6012087591544872
ck_b08b3f089138c901,0.028965207808139725
ck_fe3b67041dad2dd1,0.00522093032013296
ck_8449a28f7d475d93,0.06888501568779608
ck_8642e3b6d84f49d3,0.04239278324559202
ck_e49b5e4f2f2e79db,0.7022895496619265
ck_437afe412ea4259c,0.28745330292270815
ck_569b83668d74042d,0.38578071470130276
ck_233a487d31c3e631,0.9996940353628283
ck_1fca72e03143a645,0.9766270914152317
ck_79205e31223df2ad,0.0375621065981597
ck_9625a64406ea16e3,0.00211857898703637
ck_079bd18dacb704a8,0.13299488883558402
ck_4db6d4fd2b49aa81,0.019477281665009238
ck_0dbefdac0a1868fb,0.002968066207033076
ck_24ff97ad90bdd69a,0.10341103581799738
ck_77f8c5042065d506,0.005210351471144575
ck_f11be8ce05382cec,0.0010068641847163229
ck_c9d72140b0389216,0.15732032035001944
ck_69eda24e931fb36a,0.0002830056719199164
ck_ed471e496916ee15,0.0013038323346291729
ck_ff090498c4b17ac3,0.012431195551052121
ck_c3c19d6a0720915c,0.0002980573789216906
ck_af02e1817cfa40b5,0.08001243973042002
ck_2df5a9fc87553eb1,0.00088896625872529
ck_4ac918e884cff336,0.1520595853458057
ck_ca149244b54ef3ad,3.902580300188629e-05
ck_6babe5b8674ff51f,0.000851817590406039
ck_1573878386886290,0.0046375663020729475
ck_3925f8565abb7fe4,0.008219797727244642
ck_c4de808ae69c771f,4.655411451564316e-05
ck_a777c813551281fe,0.008242322921504614
ck_df4424f6dd85080d,0.1253657101745976
ck_85e5494ec20383ae,0.06922123207337041
ck_f71a4094e889c3af,0.0016277590667937538
ck_f2f3cf9cd23b2809,0.08860934246333295
ck_18e2076397bcc211,0.02886260368083757
ck_c9f9fddef39bc664,0.015410313483562182
ck_7e826e233d6ea028,0.0014625506609746417
ck_62fd7eb46bee9210,0.013632904557854054
ck_206f8e3cd72768f3,0.05097490022646981
ck_aa295a11b0a6ab36,0.019401759338299872
ck_9a56739d81f84a53,0.0023351689606669127
ck_aa075c418ed9fe5a,0.0013741768077878956
ck_62b9fb3db284941b,0.007000089416496875
ck_f4f83b1403ebea46,0.007457774852255293
ck_16b66bd803288bc3,0.6762482158086229
ck_c4ca1434f3778f1d,0.9980556842869088
ck_1b823610371a29c0,0.011629763014791732
ck_c2bd5a722aa637d9,0.004286468350164025
ck_7890208951df34f0,0.04412027695427105
ck_020eb0e454524ecd,0.00016729297330621477
ck_3b66196ccf436c35,0.002696137275923103
ck_109fc467ec0a4af5,0.16130644490143134
ck_f3dcd818db92de7b,0.03137953048609665
ck_31e7742f160980ef,0.02732981844229674
ck_77fce5f86f00b8f4,0.6064802643284346
ck_46bc797b4d07d607,0.002760795459435146
ck_37899b1b571b1c6b,0.010313203078272637
ck_ef8a6af43fedd464,0.0018362826024792339
ck_bcc8519fe8521038,0.023495767913257453
ck_90696b7182dd9129,0.003347095223460833
ck_4a24ad61d017e1ba,0.09569664326204945
ck_0acc3d8c67218b9d,0.01569158273115914
ck_05c97fc9de11aba6,0.28086584961616134
ck_f8ac3a0500c0ec62,0.005709827357484689
ck_617b65141f546a1c,0.006437485366911407
ck_9d00823bf60388d7,0.017954810589022326
ck_123c15d93f1840f2,0.17679336213669966
ck_573feefba6bf78bb,0.19728910123843707
ck_b25657bd16739036,0.004753061214139654
ck_bd26d2bef14a8597,0.004994057601955322
ck_a553418f2fba1440,0.004684701761745222
ck_89f3e380b0686963,0.0049228347623158294
ck_b359192aa659bdce,0.013304641675664692
ck_02241f3dc301bebf,0.010826805797841205
ck_5ccc1a1c78cb33ee,0.07315485441481859
ck_349cc5edda1b8853,0.15081253641896245
ck_e9f228845bf6e28b,0.07754877093833916
ck_0a45d033d4e280ea,0.048338960639633444
ck_7e63168dda612235,0.00032852489774529186
ck_676fa5f6aae5475b,0.012009482457608732
ck_74b502b20690ccfe,0.0012702608291827622
ck_073509af21dd7f5f,0.8372019635590554
ck_498a0acd450944d8,0.0008398071132372359
ck_7f15b50b29dead01,0.01649416495253544
ck_8089fe7403c5f537,0.02445234899050519
ck_05b2b04e11d9ae9c,0.011227259539649323
ck_31e70f2f04b48b88,0.0006989320486248118
ck_994316fa5a02b319,0.00011976543856631327
ck_b76510998b9a2260,0.04306216342904249
ck_4db95c310e105d30,0.0009428883990116352
ck_6f730b77dc6cdb84,0.003453839626545467
ck_2493ee8e7b91d304,0.02666475197973232
ck_92d679d6ac7dcdcb,0.40003164376007705
ck_3a0e0200cbb185cb,0.04540182557862825
ck_0b2eeb4e00ff7955,0.020462290916544945
ck_9843d0e61c37ebe8,0.9986172346560986
ck_e61c8721e3ef1921,0.021275497256244835
ck_2e0eedaaf2980c2c,0.004507473829386986
ck_9036b2e5e9298a34,0.00630064080830918
ck_3265442528d51728,0.01591569011871527
ck_f2ddae2eb1cb29b4,0.026937938957308734
ck_6cfa71d27fc27f92,0.008264252541643122
ck_f3199fbe84a28b9a,0.06267439882310544
ck_b78d785ca3ef773a,0.003717479029205939
ck_374865697f1480eb,0.027231056460491707
ck_06d0e4a9189302a9,0.019472930249448316
ck_9c9884b9bcaa552e,0.38122603149333434
ck_fd4cf578e87703ff,0.030674379961451195
ck_1917ef3e6e345549,0.12102473319915515
ck_e70418b00cbbbac9,0.011552956824440817
ck_a60388296a47062c,0.03500632174320286
ck_d598fe8d2c779ab9,0.010628891494790247
ck_646dc03de4c31803,0.991991792222007
ck_e4fd8cbd842b6993,0.0007234865948891751
ck_2225b555aa2a42ed,0.07384086825468754
ck_6be8ae9d78148882,0.0013608450505174679
ck_4199342d3aca74e8,0.09546742964550484
ck_779581adb573261f,0.004115491804199193
ck_bb303568b6915205,0.07249819486617752
ck_17c4296276448afe,0.0015219132363558025
ck_a60a61ac829252a0,0.006309579563654847
ck_6ea70950c1cae00b,0.9823144548066541
ck_1abb93f6924645e1,0.02689603019141738
ck_faab769cce19879a,0.06009208250663312
ck_d5b8e74e7ca6355a,0.04505913110980125
ck_f11f7691af16ad07,0.002166619916331198
ck_188fdf2be7c92e9d,0.999750604604035
ck_4a103f8254b366f7,0.019300552367010088
ck_bfa17a0b1760e616,0.00046573089858960255
ck_a4d7f6a5869d440a,0.9978052250949327
ck_58e20f5a3e7f11b8,0.955283022341969
ck_4becdd3d2696c7ba,0.0009585393733907587
ck_dad5cf32ab9f243f,0.014440180108434602
ck_7d9f73dc7c4f90c3,0.18058066190614047
ck_c19371047a2d011d,0.0021972067345072204
ck_247589ff532f7aa8,0.003140308955013036
ck_7a9f241d5f082567,0.00469767929812473
ck_0a2b7078736b4dda,0.0005928203975472721
ck_687b412e2aac7eb6,0.034967833603159346
ck_fce0b6855886a0b8,0.0038219439051050165
ck_e291cc60920456d0,0.22224381707869947
ck_04219a7ea798db51,0.043452650156750844
ck_286bfd719836e9f3,0.15825087678741376
ck_55efc92394fee232,0.008899115187025788
ck_e36c8da1bd359960,0.05950564674767184
ck_34b0988a97d96902,0.017040485097863274
ck_e0fb11fc9dcb34e6,0.01039723393349182
ck_bcc9cbc9ed8b7c31,0.0062839922318308735
ck_3df8da6f60a89a5b,0.0011740930257475865
ck_b1495ee5c59a6b28,0.005594466476346102
ck_58f4c3ac61fda129,0.06692491924187832
ck_735f244b99e3aa8d,0.01328174458863513
ck_6b93bd8abf87b1d6,0.9215254077475176
ck_12107dacc6d05bd1,0.00030371853084673454
ck_f96db2a1f3448d1f,0.0037162382948282067
ck_8fd91a3c99e19097,0.014916321291079365
ck_910205d25388a0ae,4.030600246886645e-05
ck_d229dfa0e4442628,0.0004845700435576004
ck_7cdec61e1c488798,0.19284286549247484
ck_f66f06e24ff32671,0.015447061944188639
ck_350bf14e90b503f5,0.012956593609847245
ck_61fff5fdaadd394b,0.013143366915466121
ck_e934f984bad2ff91,0.7469252202551263
ck_ff6a6d3547dd2d37,0.012776709866064601
ck_65ad9b15979e3247,0.0064106926541619156
ck_bbe1a2ea5a403ad8,0.38272131853393293
ck_6f3a28eecd2c4031,0.035254301974453936
ck_a89b66665714058f,0.0002505947712419691
ck_918c92182b6817cd,0.06590483208484076
ck_64f5eb4be9e7b8fa,0.30302549189563405
ck_d021fd497ea35fb2,0.00893130186911304
ck_004de16f7d8a42ae,0.015094913810261696
ck_a33d2325f86ab12d,0.0020138804098920726
ck_89790ff26c844bc6,0.002910045003187161
ck_e6e7257377c37b28,0.23155580636450127
ck_a2cc3910a641a808,0.7925871384485172
ck_646e270e0195bf05,0.012048516181930707
ck_baba5d66def0d770,0.6247556262745049
ck_67cdcdda3033842d,0.4275063469610488
ck_b5c3075c811a2216,0.030244647162445116
ck_515379973a8044b8,0.008662857327600124
ck_c0ce85fb4109567d,0.01860690118429883
ck_fef850553862aaca,0.004008253904572096
ck_55d7217b0aff9fa2,0.006817337357219775
ck_8e139f8925ef7968,0.013721241284116618
ck_9e35b908fca1e4d7,0.0019349762205434274
ck_59735f4ab2ad3da5,0.011164289819358554
ck_dc569c1167ccec0d,0.9640400652734535
ck_1dade5592f90a15c,0.0481203902142392
ck_793048d11fb8b328,0.6829616496392066
ck_545b71eb4fa594b5,0.0024574630151048497
ck_bd30853e9a57b544,0.008931975637526759
ck_59f46321ecf6d306,0.004152521991547866
ck_260cfe9141d249f1,0.11357488702155272
ck_3365a0ad1a8aa83c,0.002348387796857557
ck_b0ef193195a2138b,0.0005265582788753645
ck_0f909705e2e60f2f,0.0013422029719592106
ck_5a540b75c866166a,0.00422160220440701
ck_87c26b2f41025109,0.9994390666632896
ck_27acc9f320cda104,0.14992505534576303
ck_a27bc31eecd9cb9a,0.011645931155378283
ck_115d86fabde77b65,0.0007675600714010326
ck_eeca179341d56f8a,0.7618405047329545
ck_8e5999c436cf037e,0.0007368090390749055
ck_510e7c5df1f95d90,0.9988879877541011
ck_f1acf73363925958,0.031597488114375225
ck_3c177f5970b68bd3,0.012989172391149793
ck_9cdfaa1c30cc9d32,0.0008361782780766545
ck_c8efa1538b37c359,0.01360564300478246
ck_a8a2e296f9804bd7,0.044710021152633624
ck_91a0ca45f429568d,0.03783621998428471
ck_5fdf8a0bdbd3ed62,0.013403214316988312
ck_0f4e2ec66d50da5f,0.002452824281779763
ck_28c53b214b2ee882,0.40539877088881326
ck_003148504557f720,0.20079810399315923
ck_01d840cffb870615,0.6913327708101223
ck_555848d51f4b5f35,0.011967791465115596
ck_df20cc23b8fb8e22,0.021115071809489152
ck_f9604adde929beff,0.0021247591867465765
ck_d66952b03591bdec,0.007027435681775044
ck_ddcac1ab765ff61a,0.06225126072803225
ck_347386629d96c664,0.02273359942587248
ck_ab01db9117acfe3d,0.007986598045546241
ck_58e5359efc52e0ad,0.014294171809789182
ck_1a524b5cc8da71b3,0.05847107672958333
ck_e9287b6d909d731f,0.0011362127165141461
ck_bb41a66e3d90263b,0.41157294736553374
ck_e95c8cc1864bd584,0.006719083799134436
ck_7a3f2961e9a8b6dc,0.0065851806732273345
ck_378a9df82b1e0bee,0.47128290386941174
ck_42633573639a3f02,0.9969140537566457
ck_2a5a4c18c2c7274b,0.00571250083879856
ck_77549c1a41f837c3,0.043426061079147836
ck_a26704b5b26258b7,0.005553780988402637
ck_9874ad160efddf50,0.0028437595431597966
ck_9111e3a04b14dfba,0.05758285415843895
ck_651e076ee43aea85,0.004225660833145372
ck_391639c0f13932f3,0.00034355643680185447
ck_02dbabda93c8c13d,0.049745002899132695
ck_0adcb1fffcb0a34b,0.051180454418131335
ck_7a43ef9c7b1c67b5,0.0001019520607468341
ck_4b9dd69946438d0b,0.004088994885229619
ck_90bf017cdd37b66e,0.11385195772281083
ck_61c74163eb36556e,0.03532421308691538
ck_13376c59b5bd6943,0.00023851359685062961
ck_62337eccb1672737,0.010774607380881143
ck_16077934338472bf,0.00023733722407851928
ck_0d4dfd93086e7330,0.016339035192482042
ck_3865b7525b910893,0.015581310788817904
ck_7e2ae8b69ebd5675,0.018349941898094975
ck_b4384b6c11766ce7,0.004043281412610368
ck_3d7fa32dfb9fc692,0.03966833907903807
ck_f4a6a7cadd6e0603,0.2364110432868749
ck_212525e2828a6c45,0.012719507236462299
ck_33ad8d53394ba77a,0.64335473276135
ck_a5051eafe8b51224,0.011166621651423477
ck_f65e5ff7da565f91,0.006832538291361333
ck_5c37f7563fa7591d,0.013259852970972184
ck_f1e0a006068aff29,0.005724765700480433
ck_c646cdead6fb79d0,0.00196716854296896
ck_f8b3cdffef535330,0.40980332093637895
ck_e5cdbe3aa12c97f6,0.0017692162048916179
ck_986e4e61440506d0,0.033131582037609957
ck_6da9c5912e15d9a8,0.0012233809777154746
ck_51d842e6dae74c71,0.007285804003724851
ck_5fc65c24e0736d5d,0.9632776838967063
ck_babb95a76c69509d,0.0033733707588731996
ck_86a2d852a9715432,0.012711772092433392
ck_db4083a0d043def8,0.5223861325615402
ck_96953b8945b7d403,0.007019935013708401
ck_7831ca5c31fb3859,0.1432975035976652
ck_60ac5e5f375daa38,0.010290066329148934
ck_05d44eb1f5f085ce,0.0058900033870562234
ck_432cc19c7eeaa46e,0.01819269638673039
ck_7fc513033af061af,0.16592493285717402
ck_ada6ede84c111719,0.06768419164687117
ck_6343e0d3b1c2962b,0.04316180209793348
ck_010264ae04f2e902,0.1258639512808289
ck_e9dcf535f8c289eb,0.11866841014456282
ck_37143d9cc296e6fa,0.027355618845964446
ck_61fa051192f3e810,0.016027933679676903
ck_f9f93d1d41be1468,0.9035467461754809
ck_c4f4f28457be8a74,0.002800604914008767
ck_323a71f9452d21cb,0.8749924114625373
ck_170f4688e0acd875,0.24177553312343142
ck_869b1878d09d230d,0.4451812564335192
ck_2f6b33bf46976229,0.0029726072430463334
ck_b11e22e75d9b99de,0.00010318209574507347
ck_123d75ffb75b606d,0.004380975028502047
ck_94295287a04c85d2,0.12016821522575703
ck_1b0434f096795328,0.0017387845670848283
ck_0a4e191cd0a57ce1,0.004829660833741887
ck_d2fbd0df99634676,0.013897864691464283
ck_d51df5e9fbbbcc94,0.1237145391788672
ck_2d3d7d64a6f443f8,0.013345126853939012
ck_731943c682c9394e,0.03953130286666886
ck_5ccc0c94e5e1f849,0.029264009656454145
ck_c3476080516db25d,0.0030742258069340034
ck_5010ffb1c94187b5,0.0004651374259571495
ck_7ef666d67bc70223,0.05391508975043163
ck_c1b493527224a27a,0.0020638149900105763
ck_5d1e25d7acc5af9a,0.00026980192939652243
ck_ec30b61cbf517db8,0.009717594146996949
ck_79323eb5d2e5efae,0.0012096864168173026
ck_4085cd3bf2661518,0.021586672991660304
ck_2ca91214c357c072,0.27091035092037496
ck_7f3132d6be389657,0.3370611167090799
ck_e7a6b925c8f39a85,0.09940262155280002
ck_c886adec7bac250a,0.006646351886267911
ck_c3f360c2d0ea0a37,0.008457820297673278
ck_a7acd5b015823793,0.019544196283378078
ck_9d64187c0800f84e,0.012252843700099736
ck_5d4ed73b9efd7d11,0.021225471146621922
ck_874eca6776b34dec,0.005095002128953951
ck_96a9221a87be93c3,0.01963833904230934
ck_68dd79a51eabf5e6,0.1371517693465924
ck_8311cb6755b2016c,0.0016006686892523745
ck_16fc77b2bcf5ec03,0.9893962550983172
ck_ad9e2088a33c8c72,0.0003301415489382706
ck_7176bbc97b1e42a1,0.002325467066482621
ck_80dfa54b30f65fff,0.9484668230056166
ck_31c54d540b128843,0.006805081309568528
ck_43ea894480567274,0.07489090682994848
ck_9c9e8a38bd5a6c88,0.013458504763505382
ck_1c2dcae19539e148,0.07077630249606416
ck_b0fa8b84e94d8ae0,0.002592614071450014
ck_4ceb43ccd0a81c2f,0.0012857666428813938
ck_ba845332b730b596,4.851107727143391e-05
ck_73d3e8c6077f61e6,0.022699772774172587
ck_b5d0d223ef56473f,0.011167655454986918
ck_949f08f8e80e93ea,0.0027457974052938847
ck_73de0b49709e5f8c,0.004335093632885572
ck_b5935e9722a39819,0.0637417786826341
ck_96247fee0eb44420,0.005133290462587198
ck_a6def1e4b2d57e0d,0.12103268543210502
ck_aecdc5a96321a2d8,0.02380807994168024
ck_bc61c59970f8de49,0.011670672910101031
ck_c43b4175fc9ac5bd,0.9186398103728006
ck_8ff7a9b23a55fd62,0.0026640103700014154
ck_20c99b645f462449,0.0007926349408762365
ck_a5ce2ae36fb410d9,0.0011392560872452119
ck_96fb9bf556842bbc,0.0005840562865641702
ck_b5e4c6dbbed1b773,0.026638452331334717
ck_2085433978e72ea9,0.05804582181899885
ck_2c6b174b063ec637,0.005079469938022052
ck_b20b81b88dabe28d,0.013381425240885661
ck_243c18dbf150831c,0.0008460893534277937
ck_2bb6a17e8eee35cc,0.005279748368401242
ck_66147fb994495396,0.04985101128000169
ck_73f124f075ede0fc,0.0010710209091388493
ck_2e315f1b1e533dab,0.0012869631134814431
ck_16c7bf94ed3e7a6f,0.0005606770566582287
ck_4a0eae220a762ac5,0.031299868190594
ck_dc16f939c2f44ad8,0.3152270385068263
ck_817926b449754917,0.013419100146437298
ck_0c0dde42ab64ef87,0.04996739772100493
ck_cb3a40594da6a2ee,0.03882297932566093
ck_d0dc156441fcfdcb,0.13613084629135278
ck_66f0945add423e9e,0.0030104763368502454
ck_a74f6a3030f5d495,0.021907825382387097
ck_1ae460f331e49ae2,0.07400786600784452
ck_2d177b2f4f0b40c9,0.3781256104840317
ck_92e474e4368c4791,0.009658646053244187
ck_3dee83fa2d109484,0.00279411189424451
ck_80e5ea27848069fe,0.003430498275028992
ck_ed0c4a83701ca230,0.012676552372817089
ck_0b8b7c5c581fd161,8.276730371183822e-05
ck_60bf8a2870956fb1,0.003777827015944127
ck_73a54b56a2bf35fe,0.9740042324126876
ck_2296d7a563424883,0.012015490750795365
ck_bc19c383560c7477,0.01101914656924939
ck_861d8e3d88f1079e,0.003230474745976078
ck_3f090fc96c24eb28,0.0010001266040647403
ck_9a6a1f8102febfca,0.0167535755090088
ck_541b6ad5d2fa5a39,0.011068198766150039
ck_a760d38d1bc4de97,0.008617415176018595
ck_7dca4d7ee10b4eeb,0.0017814869746026463
ck_15220e78d1545e40,0.014318637655848027
ck_ca24bb0de508efb0,0.003071594070733654
ck_56b389627d8f02c5,0.9992716809217956
ck_48a6754977a44db0,0.0036848139201232774
ck_333a43ec339a04cb,0.1685739147023262
ck_f22aacaf86a65d7e,0.02607964768276505
ck_04bd8a1ffaf3ffd8,0.0031732535697815874
ck_2737a72de6b700f3,0.11280853592990574
ck_c35e03b0dd0c3454,0.013796880551456897
ck_e0571312f395cd94,0.009424880250478518
ck_09fab6b9825001b2,0.009429732909750535
ck_18c3a095606209e8,0.017779505213801696
ck_2a97db9377d01e36,0.0012505210593479052
ck_f29dbbfdd2786bd1,0.0025001596732213277
ck_35d6c510ad29362e,0.7629260662456998
ck_5468fa99c945d785,0.007968068205729139
ck_6f8102f62c876cc9,0.32037644616012395
ck_91955aab3424ad16,0.007549437168976793
ck_9a43c0c73a39d759,0.08271056677312741
ck_60b023af6d1e30bf,0.8655452486292747
ck_9704c5cf8659cedc,0.02460129252029671
ck_7e5f02b51b9f78bf,0.1623519007699444
ck_7d3a88d1aa649708,0.9687934361054359
ck_8250eddc1ecb07a0,0.06809443968937776
ck_d979ef95ee44023d,0.031150186007015006
ck_5e5461dac83531ac,0.012540444870313104
ck_d1bb8890081e0a31,0.007679548135054461
ck_32246c62640648d9,0.0004330247535779562
ck_77a40c7d2f862a32,0.09158025995732483
ck_1c8b94efe9238f5b,0.005394834682586293
ck_eaf3b6d11bc3cb11,9.249092876144196e-05
ck_a4a7ef3ad799c380,0.02977386590592928
ck_d5bd8f68da073cd8,0.043638819053316555
ck_6e6258227fc8db7f,0.00014088698316986866
ck_c35d444e05799db6,0.003992703771491729
ck_74665e1209140ae8,0.025384258183494404
ck_353a272478f7e903,0.00419829441097854
ck_a2c9796ea229a4e2,0.009172156919272105
ck_e0171f91cb3411fe,0.014717240125320077
ck_703499f5410280f7,0.00043564169064066376
ck_ae3a763997f8f385,0.015335545587521301
ck_f7ff94c3df5ac874,0.04907971805472151
ck_f3c16d8f747db046,0.052741525096793446
ck_7ef019ed77276496,0.0014462341737848613
ck_d6a4faadab58a3de,0.0030996814554845606
ck_ba7b78d31d74c794,0.015204477239594522
ck_36287d063350ce9d,0.0007884858884894619
ck_5177fc7137ff26ce,0.0005505249527398642
ck_dfd4e79aaa967b63,0.00659089325095269
ck_fb44d15fb93a7157,0.06212901659747486
ck_fca478361870a4ca,0.04583943479070876
ck_e57b94fe57341058,0.011735696632469612
ck_5448c946cc4758fe,0.03225505424490641
ck_c5ece5ffb8800ad4,0.0023655054566487084
ck_11cb98211b2ed134,0.991048045814712
ck_f655399ac75c4450,0.007247562372473819
ck_c817259019588d30,0.028962944945212416
ck_8740a14d8096c6e1,0.026020927017617282
ck_0c5ba86f4e05b38d,0.014990530822131063
ck_ccc917533d4b73d4,0.0017725530979383394
ck_9eb80edfa43203de,0.021117921489418677
ck_d1a1cf4cf61d6801,0.0132565785593392
ck_b17c239f160e6017,0.004343023211950877
ck_410c3e13b48e0415,0.001327411198678151
ck_ab553954435e8854,0.9849296563905139
ck_bdbb4230c91e1604,0.02868857002311552
ck_8fd4937eadd64fb6,0.008463126999201131
ck_e0e90b196bef3c11,0.00034141005915999217
ck_3dc4d464386f0eb2,0.33692841232964615
ck_51bbbf8f8e8ad005,0.9995065361611215
ck_c05737ab74cf03c6,0.18483513200920518
ck_dceabbe04d99afc2,0.00026359379194153146
ck_5b86fd14e85bc9c7,0.9183390431025656
ck_d4febf0083800424,0.02280856648341347
ck_77d9f86dcf251739,0.03357935553723796
ck_b4dcebc543deaafb,0.007612247782726559
ck_cb856e75c949b0cc,0.00040805822292149625
ck_61b067de8ffc1ca1,0.12524898815144234
ck_c0e8560ccfd9dd9d,0.0018834927933813138
ck_173e1198c341087b,0.0016015141871983506
ck_b4d55bc809000276,0.025095205626941532
ck_839bf139296b5cea,0.013487808998069537
ck_78cd402a2a4f2e35,0.0029423573565084847
ck_c2925c50ebacbdba,0.0010077281970865364
ck_5e3bc76eddbdb0a6,0.00489673664861969
ck_b7793edca26fc512,0.022801688072582368
ck_d79bdf04d6f31cd5,0.0013569267033220977
ck_4b97d19ed946f503,0.014028730805903666
ck_37139b41c5370523,0.751859782199396
ck_8c346eeefa9ce692,0.03298175480405051
ck_2ab7eddee2d8c49e,0.0011131988370640287
ck_29da59ea3bffb9d8,0.3802850271649953
ck_c1d05ef0ec6e4be7,0.0015579877650325278
ck_3882423b449f6291,0.9903506224151426
ck_5647030283171ed5,0.979423107508846
ck_efbdcd9c181e72ca,0.006719215404250569
ck_192fdad892782daf,0.23718207160937196
ck_0bf2e13b9f2601ac,0.023988437065045134
ck_3d6046a533057795,0.0010560703342565962
ck_279a1d3a3836e5cc,0.10825850944334875
ck_c375e929becde422,0.0040725306813422365
ck_a59e90219939a1f0,0.0011543991496506187
ck_4e9fba1ec54c3ff8,0.00873409076739294
ck_bcbd8588a13f5eef,0.0004361673793097272
ck_5f9a7ff990341bdd,0.0001853205150998403
ck_e0403d507519b7d2,0.0020528283866871624
ck_c9490cb61aff5112,0.013613404715666234
ck_41dd44308e6a665a,0.38068761067317924
ck_76c23726cd7ca947,0.007739389306039156
ck_9be551300209fa83,0.002408339781144206
ck_a98848eec6c9581e,0.031851809720608755
ck_61176dafb33b2d8a,0.9649797854339596
ck_92de019e05971ce3,0.053142927242762754
ck_5d644224135d7c65,0.002859819311483043
ck_c767fc454fa215d0,0.0011464457443274877
ck_5df85a8924e11f27,0.046109049878784725
ck_da2729307af06ed5,0.033336329881702445
ck_7c6b577174af7a78,0.002599917953375213
ck_893b8afbe11301e1,0.015075650535592037
ck_e06f6fed020ae014,0.03547561756258459
ck_386680372fb54857,0.0007166174054538015
ck_7a7f3c4fe0c9d2ca,0.006661694453630246
ck_f908b527c4db422d,0.05160256745061809
ck_ec2eee6a133e9a6f,0.12047192300835283
ck_d98934f9fe0b02b3,4.868809465722668e-05
ck_398a1ed77b0130e5,0.0016519272700491077
ck_d960af7a55b892b1,0.0030209793730777835
ck_4637e54a9f79e2e7,0.0007319061050695906
ck_02b9f418524f6650,0.029580340794668435
ck_d4b23804cebb045d,0.0229787080527461
ck_35b1939c48182a9a,0.005199851161417021
ck_2dcbb71e39d64305,0.006281461195067808
ck_47a884dec960ff2d,0.003415107513259314
ck_71fd8c346fde5cca,0.11815028668408567
ck_98e1992ac8e7d2de,0.01815555720132625
ck_ae7780327e210522,0.022923108592988278
ck_e6c584b4b1ad6d9d,0.0029244441421466933
ck_344b2e326a6c3dcc,0.004891950736329046
ck_9aa899a5230b0963,0.021447408615490306
ck_e48d14d5b70ef5aa,0.0024154461034418557
ck_59d380a0973b3951,0.0033788893932559685
ck_11318f7c041a5ba9,0.001077081309693562
ck_7061786fe2f22f5a,0.06602511160280328
ck_e77529651c416cf7,0.008660720702099944
ck_7f79878197340435,0.004715857045104638
ck_b0a0fb0ee9ebf106,0.014714451370019177
ck_70c7679199776a90,0.013458828276735148
ck_b9facd2210daca5c,0.026639363296183795
ck_9949f53c155b8dde,0.0026635290134158496
ck_1c607e24f2c4397a,0.04401390021086333
ck_aefd1ce3ce093cbd,0.0005227023341602853
ck_5a29b7018e43280c,0.0026292066401257816
ck_69eb0b2ccfbe5f95,0.007716231727439377
ck_fe037765aa465c58,0.0014158729325967482
ck_5e512ef5362a3dd6,0.01070847164920748
ck_544a9e80b7fdc279,0.004958406453780514
ck_7825494e654d5695,0.014424786945825965
ck_f1f2c3c623553f0d,0.0004489591565164235
ck_52730906e5b461eb,0.9674634973800601
ck_01e0689157fe9617,0.5400414728312422
ck_9da82e567074da9d,0.004152700955969828
ck_6a17384072f904c0,0.0016387670183550457
ck_8d84d771a21942a7,3.887662159598188e-05
ck_39638880292782a7,0.009022201723918736
ck_7d51c86e0eec72ac,0.015188107038438826
ck_45f4c821c70d134f,0.8959137444508478
ck_0af3c13ba56ce57c,0.0045729558286038965
ck_0789a05e061b2784,0.5765242669206652
ck_6ba091eb42ffa9fb,0.42386766360598516
ck_265accb3c5c32620,0.16261183030593812
ck_179039559ff7566c,0.013967566553388135
ck_17c0a6a92b5765cf,0.0012758843491233183
ck_59371c9140239fd7,0.03285579891870149
ck_f9c4f8b4ce2691f0,0.0073242412700975056
ck_a2637e4872cf4811,0.4495802642996208
ck_1de43fd6c6c22a5f,0.15780869080087911
ck_6e4f31bd108571f0,0.0012128119117442626
ck_da06d97db0b18851,0.0006287666527053388
ck_e0346d5081e640e8,0.030293262842677495
ck_c1c7d4e62c9fcded,0.6038435056532478
ck_2595669e421299f6,0.009497276993414565
ck_3b6057d51fd4c7d6,0.004122646719435411
ck_c5f8ab515840a0fe,0.009887881606251541
ck_435cb24538c6f77c,0.09469688595388606
ck_d84b5403da4cea7b,0.030950950559798143
ck_c2b61a98d1c8f6dd,0.8911867514623412
ck_c9dcd92b2f836b61,0.13739983652194074
ck_9eb5b3f5f672c2b1,0.00024348186494599006
ck_e4cf189a8d31649a,0.0009851117783443574
ck_6b114f2a48152b96,0.0009116791272981719
ck_3fb95862b70f505c,0.01788041740466001
ck_7f780f465c29398e,0.006965813644553645
ck_ee387f9da79e67ea,0.095692100432042
ck_fa3b1e85d27af2ee,0.058965215415824335
ck_e739eaaa7a1822f2,0.07932450159807046
ck_dfa0ac11fcb1dabd,0.003568871843481198
ck_6e8751b571ea54d1,0.010790762922971894
ck_2d695f8358383092,0.017579853607665574
ck_e7dce27edb700f27,0.01359643841423685
ck_e322da8b213eab52,0.0005759213110191263
ck_d0b32e039abb8200,0.00016738028995798618
ck_b354003302b272ca,0.004126818690075141
ck_f7485cba392bc294,0.18810554022536657
ck_d6a290ff8362c7b9,0.1679124620221705
ck_c56a44fe315c0389,0.0060107393410219895
ck_f77dfe6512eae322,0.0036902574013839644
ck_35fe969c58b9e70b,0.03819970762288921
ck_4c518637db2322d5,0.08387780414108632
ck_cb61902798ecc4fd,0.026317625139877076
ck_56e6cfa32156a916,0.003918494035691878
ck_343e6ed2b9d35c01,0.005271857002647629
ck_51440f64f7250ad7,0.00886614663109429
ck_295bca29c34cfe2e,0.08906463024003598
ck_dd30558576b45e7b,0.010582971271314929
ck_3a30132a57181fe3,0.04768548353054924
ck_4a733aeb833406f4,0.013826222273960121
ck_1b0b7c3d35ab1259,0.09195736699104028
ck_962c3bbf27cd4b80,0.12654448434595925
ck_9528e1d6b1707870,0.0078611309799458
ck_b3263e7f31aab45f,0.050365048854204675
ck_e69195a3c885053d,0.0012216552921420164
ck_a907fa8795cd4baf,0.0006290670393940971
ck_205c3405045bd835,0.00863877968101418
ck_e81fc223bed3c46a,0.18745845398371003
ck_363751deae40edfb,0.11040695770771612
ck_6176baea8cbebbb6,0.0019336062273893984
ck_633e6579f5c74a5c,0.7206950262173888
ck_ddc11fc481eef58d,0.02829853239353091
ck_e975002c979e12c7,0.20836083884513446
ck_8e039b23acaaac00,0.10359937531444442
ck_1d6990d94a4d2ad6,0.05477790238747666
ck_e7b583acaa3171a2,0.11833747024376738
ck_c0133f60d39b2fb5,0.017405722588679368
ck_7d6bff85e7a694bc,0.0029393443650417538
ck_d305b4d82f63f647,0.007403685271682966
ck_22bd0fc71f95e048,0.11878703964208324
ck_9a65fcfc7916f93f,0.0004923343071657051
ck_d61c837b0106085a,0.012368843885878186
ck_be86a1db08dea456,0.02341557566779498
ck_90489c405e6886d8,0.003321090270929175
ck_0add2c321d579d75,0.049292601090382006
ck_482dea6eed92cbbc,0.0010252588078527097
ck_c24b47184534cc2c,0.9986536101779064
ck_fa04ac31e596e7d6,0.0035672721431655933
ck_084322dc5a3a86f0,0.0022171108540776844
ck_ccb72a33cc1877b7,0.02966439996209809
ck_afaf374009d3b248,0.01811407056008169
ck_b53084ffede19a8e,0.0011570531160328267
ck_4760216154c8cac2,0.8324137200858127
ck_37ad3a65db673e70,0.0030667073400807467
ck_0c2932cc0d553694,0.015709268271942915
ck_86b853c52f20fef5,0.0016030745762393916
ck_38703b7546d35a80,0.002020244679030347
ck_218b7e6e6dbd2da0,0.0017848583604976296
ck_402db4184982fdf5,0.025792697249800964
ck_f917c82af80e4a79,0.3082300009830925
ck_3c6417a233c68c73,0.027313430931886904
ck_98068c397d70dd3a,0.034486675689249485
ck_b1cbd6679c0f8d95,0.004131496838214388
ck_9e962f9bb0e7bac2,0.0036724388150549524
ck_b08247c3ad567d92,0.10186678709752417
ck_3ef7a03ebb81cfe3,0.0028260319168085645
ck_5d7ae0e3562e99bf,0.021881387577478966
ck_c91a628236baf91b,0.12748559761476488
ck_7f8e816ca51755e3,0.9562195031773351
ck_5aadd286d188f5c3,0.0008197561635715451
ck_a037aff5f8128c73,0.0009274896033069802
ck_5df6529ce8290906,0.005997784557964995
ck_5f3609511443e5a8,0.004473338829224455
ck_a6f61864fac3c8fb,0.002623594239814574
ck_2733fc6ba23ae46e,0.0266045272134232
ck_22bfb9246646eb41,0.9553384767485926
ck_bfc2a57d8fd1610c,0.7932271015434367
ck_49839e761d0e74e9,0.009531665339997325
ck_aa4ba931dd37481d,0.002442177134475338
ck_2f9fa0d61829f815,0.002368259472828784
ck_5b82c774df10d49b,0.00028926892322193724
ck_411219470d0a195c,0.06299980986826095
ck_d07485ba10514a2d,0.6971262190897094
ck_219bef979ee21bdf,0.000444321490201459
ck_eb1006e7285184a6,0.018858936859916263
ck_fd242b18575e3063,0.09615288858372449
ck_95188150ff059c70,0.10065280632585599
ck_a9ca2f447b984a6a,0.03405342295001793
ck_2dd39723c4088b64,0.05619749296813972
ck_aa2b4c662ff213b6,0.0635271059768175
ck_1867b1199c864db5,0.0443600922874684
ck_850ec97a5a0dab9a,0.008029274508716855
ck_562320295fa35875,0.0016751136517788026
ck_bab5759b07fe2bea,0.003986725681370869
ck_b9f1465d803e57b2,0.07211430700146151
ck_8f21f2690c32c691,0.15307471826460556
ck_df87d6f61a63eb21,0.013406006789437779
ck_770475876d0e7e6a,0.02534435188339688
ck_b4c014d5c0cc9eb2,0.014529779688644275
ck_3add4d23124c9290,0.00024027918735391735
ck_bce5b7fecfb6264d,0.14268161892830755
ck_604c17cb97dc89be,0.04101670543857183
ck_e52cbcd9aafd26b2,0.00021115668167955
ck_0ac9114076f5bf3d,0.012551108345322
ck_dcc125b178b79566,0.000587372063046632
ck_4e333c09f0c37dee,0.010786924173066212
ck_ff7e31ff8ba731e5,0.001995985766988636
ck_8d0532d24f1070d1,0.0006405855107590633
ck_3689fa41748a6f6b,0.17465100380076046
ck_7509eb97c1948b16,0.0014324588828392038
ck_a9161cf1ca22a6bf,0.0017048031193627794
ck_bed3e3db135b782e,0.13615003377366866
ck_9040edd974ef8e3f,0.5505869376233278
ck_fac32d76ed40f683,0.006778716068301365
ck_3d7b1078e2d57c69,0.0007775358835337993
ck_dae09c4e074af5dd,0.043395456090749705
ck_fd84507228467b40,0.09591837079019865
ck_e2a2ce9b8cf44c63,0.0052207699040172926
ck_cbe716f351d660d4,0.0030489010622645465
ck_cba4162ef29a6d27,0.023315050652113305
ck_4f1e962ff8a29732,0.009541883279775934
ck_39a81899dded61e4,0.009812860999868365
ck_25382331551d22a5,0.06448321577875234
ck_6d64e1c07b19856e,0.004194022585258764
ck_165a868bdef28ad3,0.03752885189687954
ck_88774ae52e30e877,0.037017769095936716
ck_fc7a9d0643570053,0.00036028886806053876
ck_c2017120b3b88a46,0.0015182602426882612
ck_d115ac6b9fd62a7e,0.004857730126062814
ck_439cf7d51ec7de0f,0.00535258952655426
ck_2468a7e9e68a0927,0.005948150850146982
ck_7c418947124dee8f,0.09302287281592977
ck_fb0cf32c4a56f740,0.011205807163625464
ck_694eb6c43193afd4,0.009307962830282786
ck_993beb188dd4abb6,0.014578392844964271
ck_77fa39d3b733c226,0.1903340019745147
ck_49969a9abc47cb69,0.017101390822547878
ck_d3f44bbe2f7e9b2d,0.018653857109281923
ck_fcf5b8216d0c18ef,0.0018131710909314233
ck_daefe1e2d2bc362d,0.0009306285499201027
ck_9c9287cb28950eb6,0.0029894914440124374
ck_c1d1a625b885a975,0.016947938492055715
ck_71b37fe47490b4ba,0.00037471868495676683
ck_5d16e257c0635f7e,0.5561919185219112
ck_15918075563eb074,0.0004323644747534372
ck_9a15fdefc47e8d11,0.0014181922251759551
ck_6f04d047d1dde75e,7.53862786918592e-05
ck_1af2c0b3b8d202c1,0.003926418238949325
ck_174be2231c5fd2b6,0.0006687491093679515
ck_bb0713a2a1d65982,0.04308535380559287
ck_0daec63bd5b0729d,0.011857054786057763
ck_c0b5cc3e8ad2ff44,0.002911369703310963
ck_35bee1fc12664644,0.20392252782103318
ck_a1c7cf63467df4c2,0.0035810997674003875
ck_ecb1e15f0b185ceb,0.025286772846022786
ck_f280d31f54a4710a,0.029275085171201132
ck_30f4b2ee8abe1342,0.08441528844626928
ck_66bed631354de5b7,0.0029197807799247345
ck_c2d3ecd7278eba2c,3.983188481743232e-05
ck_e901dec0e09eccbb,0.0009090807594507594
ck_5d038ecb3c8748a3,0.0022336501026049616
ck_283c5bea94b21e80,0.0037722150300519633
ck_7956c251b85f009e,0.9463201322450836
ck_9f5f81d771146aa1,0.0009073637866237352
ck_9323e6fc1e168eda,0.9551076847348088
ck_10495d3a635b8d69,0.05180327461574689
ck_1982d571cd36eb0c,0.0029469956402036752
ck_4f5d7985bcc2eda4,0.002006037785633265
ck_7df526b2b4410bb4,0.047071606437346765
ck_dbb498b1a346a402,0.0016676965633073135
ck_ef059997563e3330,0.0007992861074827958
ck_02ec4e06709e6b82,0.0003690880289954649
ck_9782c86ba6485f88,0.0011484702443600573
ck_d69de468b44143ca,0.0035963400176717234
ck_6430a8792f400e0a,0.007609251122215172
ck_8285bd3c90af94f6,0.004360612169332114
ck_985c9ca112000e9a,0.015968628454994457
ck_e679fbf4f4f4aa07,0.008176782409458985
ck_016e8c8eaf9d511b,0.18638181637901244
ck_bc996c523944644b,0.008694478138171782
ck_5b8315726f6204e0,0.035251716810274863
ck_78181f8e998e442f,0.0006091539934378653
ck_71c68dfd011dbbbe,0.9426274817496274
ck_db32c95ce2b6f502,0.9579454012883892
ck_755010362a9b1bc4,0.0007581454417831717
ck_114141d85256c9ff,0.00045193898893477953
ck_9d1a5cf5a3b87e48,0.011257203420109463
ck_ab640420858ab5c4,0.41182007228961115
ck_97a8dac48dd62488,0.5834128391087443
ck_879cc3166fe1bada,0.006303716785774635
ck_b0ed11080076e381,0.00038951623358132736
ck_7334a9ec656263b2,0.00485079438795527
ck_6494f0ef13ce44d9,0.0008685432587844546
ck_724e459b9ece38f4,0.030001018474930547
ck_7fd8b1470401695f,0.9517753900981156
ck_292f81186358b0fa,0.005983631842272279
ck_fa7de64d37287615,0.1007902596543052
ck_d00e09e66ed6458b,0.16908385722298602
ck_b8d210e741be186e,0.002465521695773285
ck_3db59982cbae4410,0.029101307607826324
ck_69887d0a9aaca6df,0.0009037709819247911
ck_4feb21e2fb0b3977,0.0003035566668726916
ck_08c6cc1e143475e3,0.0003247311260734117
ck_fe6e168cdbb46b9a,0.04955538327924857
ck_07f1734be7fac56a,0.0239092892218521
ck_d66d59981307db93,0.09252350940804022
ck_f928dba0d587d7c1,0.0036923941669955974
ck_786448fe3004cbd0,0.00017256258477008153
ck_29ea329fa40ace62,0.02348628959377455
ck_7ea52b6f27edcb73,0.018374241136364263
ck_18bc51bbf3ef198e,0.12340911086063483
ck_44950df09ff14ded,0.00032280313625553044
ck_c1466b52c0a10b93,0.0584325969783016
ck_6cdac067cc4db5c5,0.03371866671308308
ck_53f55c6e8cf2d432,0.0012584655584296793
ck_95945f48453ca532,0.0360868237124578
ck_87cce4126e215153,0.0009281533339706448
ck_1ecd5516c92caa4f,0.000151719726936876
ck_819b482bca14c068,0.1964430123051527
ck_a61a879dd46fc9f2,0.0002202196829477794
ck_af70aa32c009c3c9,0.009817249812867036
ck_f4fe78e249092ab1,0.041871057477417574
ck_12c46bc52bf45b36,0.008395399148985787
ck_f05f5e4b40afa52f,0.026258998994364943
ck_0f8cb09d3f4fc980,0.04639428352667873
ck_80a64a7f0275a71d,0.02528496328726082
ck_683af7b1540a0b22,0.054750087054038894
ck_51fe0b613c076cbe,0.0007050909931034752
ck_da1a2450219dcf19,0.03230299443364039
ck_2a7eba01ceba6c2c,0.03847964585509402
ck_4e329e29dfa743ea,0.37957076192135447
ck_0274d881d6db82c8,0.001421898501281102
ck_0af5b7d128035b35,0.006012144230475638
ck_ae0a7be6b0a0ea68,0.013916376706478386
ck_de5bb7a4d091386d,0.70180217687783
ck_2bb7c17168a9d17d,0.017758881095378057
ck_0ffdff7b2f5fdfe4,0.012067527664599034
ck_718a8390b3d42d7d,0.005959206454952088
ck_7c4f12d70f184533,0.0005159888929961267
ck_d3e2c26b8adff099,0.00926030185848181
ck_ac9d3d9754104cf0,0.0019982569664631434
ck_3b1766a1d51f8f0e,0.5460214231598438
ck_a9bf75bea912027b,0.05039784243375082
ck_687eab3ffe1f8cfa,0.03476411536369284
ck_25dd0b02af5b2f37,0.06012603674298812
ck_1747fcc466f0ae38,0.000689968763441509
ck_f6e9d14dfb6f3c28,0.01795016227336741
ck_c6a7bbd0adc4d5f3,0.10992197177234328
ck_46656a23f4456d22,0.8716416751198423
ck_7519260415c2998e,0.005141436290749167
ck_754f30ea19df857c,0.009082964679314085
ck_ba88a244d5f7380f,0.014630493033735899
ck_f268416945316815,0.002265916751612053
ck_21860dd2159dff28,0.0005592769233275266
ck_7a86ef4e2beaec38,9.39430562374507e-05
ck_0414507baeea936a,0.04828039941975355
ck_60796eb60fc3043e,0.003605418989215829
ck_1e0841ed17fe0562,0.0122876219758728
ck_0d641d32658d6e0f,0.0015873273051221907
ck_b36086ae6d87eec1,0.0027809364042270237
ck_962e65ab33b5c311,0.983888196824326
ck_b046a42684468e63,0.018765596835465866
ck_ab3426435b0017d6,0.07219568605148446
ck_fcfe06e44d09a344,0.02053591341612987
ck_0f6d916c92189516,0.004439795832214299
ck_d4c8f0d957c3965d,0.005037636528125132
ck_2ca83dbd728af019,0.0004285266475206007
ck_2857a4ce9f72fbfa,0.0003732971619523747
ck_a60e6edc48e3d0ac,0.5442281880040691
ck_0cbd3b27063d4415,0.08880513164385027
ck_612089ec90c37219,0.02102943992747799
ck_ec4e597f17f473c6,0.0005028779557519524
ck_1c93cc58f314bf71,0.016518231004998937
ck_2b359a979520276e,0.014934276968821577
ck_1496568ddc3b2d56,0.02506813798138558
ck_41d91dc9f5063566,0.004652171722221591
ck_4c5ff58afe3d7a67,0.009250918021240806
ck_81709736281fa3eb,0.003590575581852209
ck_d89abbab3d4957aa,0.006166225142903304
ck_52453401f88935da,0.031970887191998885
ck_a477654d34783e06,0.002888372668700583
ck_72dd0dbdf808cb00,0.011665416832921691
ck_c183dff3781746cb,0.030685051932714567
ck_c8b7f241810b45e5,0.0008444084292347618
ck_f88028c3f306bc70,0.006516086165582011
ck_91d48d69e4f5d9c2,0.0029892665676270985
ck_b74b9ba6d7c9aab7,0.22370525676039973
ck_03e904682dc73bba,0.014693270997682284
ck_fc6fed6ea96a004a,0.004150761954655134
ck_51efdd240e34c642,0.12057115422041573
ck_e78ab4ff52b5fd2d,0.014460202861037918
ck_4af7b97c24d89a45,0.02479366644971992
ck_295c0072eca7f7a2,0.005816230433009111
ck_8abd1a50a9227463,0.02951991463857725
ck_ecaa6f13304e3dc5,0.002723138196707612
ck_de436e7b319be1fa,0.9995119234945735
ck_c802cf8f61466027,0.004890995750094148
ck_3d83e0a3c1cfbf8b,0.003241210743674276
ck_28d2003c2d16e4b6,0.0008599167409130001
ck_8ddaf745bbb9cd62,0.00027847869292564766
ck_493b6256091014cd,0.11287891690252963
ck_a2245822cfea997d,0.0020133676970177775
ck_f7305b3c64cf8a03,0.24033084197398769
ck_9937dad93a0ed3c1,0.014756902454621046
ck_d654449f9231ad76,0.0083712364554917
ck_850e2b59bc535490,0.02840407485646392
ck_e55e5bdfc0242aef,0.021514021902779894
ck_d35c51e981b98c5c,0.0015416478950156178
ck_27cdf9c5e6f0915b,0.00915625905252358
ck_d328db1e1052d820,0.007031833520603583
ck_0ea30eff5f361cba,0.0031734084081090305
ck_9994323f97109f4b,0.9992817636302949
ck_09054e97bdf9624e,0.00644941330896718
ck_723b4afc388113c8,0.012269638908569799
ck_588f6e6a6a6d93e8,0.06631796413627256
ck_e1d563fab4d6116a,0.002511583973734038
ck_53aca610e20598bc,0.008238372974611512
ck_c8131ddc7ed33448,0.0012006866866706742
ck_899f88464305824a,0.03637036234548902
ck_1c17c65804f8889e,0.0036884169284794907
ck_45a16ce12893cf9b,0.04446632750171379
ck_f9d481aa4f9b2808,0.850894526658739
ck_1d5d74169cf892ef,0.023271454173561846
ck_aba32acb61c1aaca,0.04950073008892014
ck_ec4dd3675a8d28cc,0.011060117448882984
ck_5dcd443fe0bbdeac,0.0012566755703092053
ck_3a47e3f54475e854,0.0006529378006953847
ck_a9aa5c344c315532,0.0035609091830015906
ck_9652283c9f61fcec,0.00030874210351423086
ck_752dd3d2487f78ea,0.0041286325514969776
ck_a821980ac4db9943,0.4813363274786831
ck_93e0d6befb67f7a1,0.042068453635826425
ck_e7a3881c3e36bd51,0.2917798362344481
ck_12631b78f8a03df2,0.00041773928413596696
ck_57b8226610b48854,0.0040386057992828316
ck_352657008983fd4b,0.029546972957789585
ck_0841a5c24fd3dd28,0.007832720524013466
ck_db9b9d5d30f74070,0.022097631586721032
ck_a9dded7f6294e44f,0.12916491685534284
ck_91a16336ce3217dc,0.014261354085237099
ck_371bd9388b287677,0.002733526823855148
ck_f285e5e1912a7c62,0.006064980734042943
ck_368b65fca69fc415,0.06774330932607549
ck_d27a73596b6500c2,0.01600208142270745
ck_2d963f9b2c4d11e1,0.06466367922288385
ck_7c500e219af39486,0.002740922633462398
ck_7d025dea5951cba7,0.025752302671467744
ck_32f632706608859e,0.013576092524289757
ck_53816231f3ffb48d,0.014739344805315314
ck_9dbe184e81c1ca8d,0.05882088743185547
ck_d74123617f22a21e,0.021252262075822075
ck_275386782b1606f8,0.0007555357713585906
ck_0b0e79d33e50cba5,0.013317957977277082
ck_ba93cb604f792915,0.05549948697328126
ck_a86cd653472eccbc,0.01576019324933963
ck_87771861e0447210,0.18663136662103824
ck_212380e0371d8a6d,0.02701737317597711
ck_ef0d702d7b0ed745,0.0032873960344172288
ck_2b8f33e22f939372,0.9608164536653974
ck_480347ad92037105,0.017303943209183
ck_20124c3a16c53ce4,0.0006298818561803254
ck_c9e1e3229baae708,0.07444599150797321
ck_b1befe967f7a5ebf,0.05359566105563473
ck_4672167d7c989bbf,0.12312037140717252
ck_f0c44ee5e3a42e3d,0.011105106832942108
ck_c416357d20238a4e,0.003881991245368052
ck_d0f470f8078c91df,0.00974146637106104
ck_3a70b4ee59084715,0.008920014166245414
ck_179ed66cdfc1ce27,0.0038270018764677673
ck_387e5a7f163c7837,0.001332182341971377
ck_08fb463e69f647c8,0.9984242159676271
ck_732f725747393ec8,0.021731623697213872
ck_7cc5e0fa3ca5a713,0.001576869380550179
ck_ad4a4daa826ac68b,0.04197339714646962
ck_472e0be7a3b533bb,0.01107456773087538
ck_7190177963eafdd9,0.00964777511164961
ck_647ac26c5900f082,0.008066295329885188
ck_272ae2179bbd8e58,0.009053333100983866
ck_09b0d8af304646bd,0.0007658996711738035
ck_ca0cc8ea9f344408,0.0008537777544475136
ck_332ad134fb909869,0.02049430854199428
ck_fca2798914627dc8,0.11737926083701974
ck_4450b55f462ae134,0.00024410423677954143
ck_d67d9dfb60b286b9,0.0018629162009017044
ck_a9d2bb4f2bde7052,0.004194967233064885
ck_929bcae878a3ecb3,0.8811870530182863
ck_59a9e000fa275e1f,0.11202960473614708
ck_57f17254e2688637,0.029997907688084975
ck_0508908697f60ce3,0.11875217097110263
ck_946afc2943298d26,0.0022778562389612505
ck_7176d12b18f2cc0e,0.005972045096199296
ck_5c47b49c26cce286,0.012264825623071908
ck_b6a2bdb2d335e1d0,0.9993145506922486
ck_1d58f6caaa4d012c,0.028037665066075912
ck_71c917295020ccc7,0.0076720951832459795
ck_bc89644ae3688995,0.008911878369742414
ck_e7c212f16d6df272,0.008984167352122588
ck_c6d2e11a368184e6,0.0005621922943662886
ck_eed7f1f7548df15b,0.022017273915829264
ck_75b69034000ca7bb,0.1304167753802034
ck_38da3bf629458682,0.0008117694383078458
ck_90114c891239d821,0.0014223315233383525
ck_8ee08f6777cc155b,0.007653764234299744
ck_bd86132499defcd0,0.0020822733585952003
ck_b95fbf2b5640aa82,0.0019586354085051813
ck_c530235393360e3b,0.0064853850100581685
ck_be52a7ec43241ba4,0.09453893269866778
ck_d96eb3cc55f2772f,0.004332238890483768
ck_dd34f0a844fb115d,0.19029667798360544
ck_17cc7b411f448e66,0.13704057856293336
ck_856ea65fa27d06dd,0.031684694986871154
ck_056d5f0301c30902,0.08113614404076633
ck_e662b14b2bab23a2,0.11354183331112021
ck_209f574c8d92274e,0.00670526396517466
ck_62720b81617896cc,0.014222874994409941
ck_041614694b77e599,0.00231888317675685
ck_461e3f7b97db8d16,0.08284686511522037
ck_1b74b798eebeabdc,0.00346772969735723
ck_0ed2739384f1d644,0.004986861234869511
ck_5a4d19f1b83feeb8,0.014965500602137596
ck_463937167965a1f8,0.04087214718791208
ck_9d7151dbdf100e0e,0.012367473547755404
ck_20a7d1ce6cc27312,0.0029995364755111983
ck_6031211ff118cf0f,0.00027288669141836317
ck_a6fc92aa91e99b77,0.9556723683481345
ck_0aaaa9d2f75a0518,0.004093213772939953
ck_ec26e327cc1848b2,0.003343151741004605
ck_0e6bebf8ae9b9b03,0.013077112810261273
ck_e107537a4cb738f4,0.0006329942529936253
ck_e8ea56e122a5a487,0.021054891250029323
ck_98149ed45d38c4d3,0.15022875618693804
ck_0e719b3a6906b8f1,0.0003368854888678614
ck_0c6e7bd357e4a348,0.0008977767115110591
ck_d3b2b250da61db19,0.9834714958746832
ck_8bb6b0a292754576,0.14205917606250185
ck_87d70f5fe48a6128,0.05514382804813814
ck_ea9edf9c107d429f,0.015056509044421778
ck_059806c52cebe4f1,0.38244884415418945
ck_a72d6df666e1c21c,0.05327408669859285
ck_1d2b80ab6c4944b9,0.004784451036152884
ck_60557f077abc42ca,0.7127077713961281
ck_e5f5cb7dd6ce4a37,0.023592623063876127
ck_4c4a939154446053,0.0017504363784386157
ck_50ede3eb561a202c,0.010178726813435767
ck_6d03a542922b2ae8,0.004529113833091524
ck_d6fe761ed0db3270,0.03312675971733049
ck_7f0cd6ea3096f985,0.006486093614293813
ck_23edb6d938a3b87b,0.006874263447483992
ck_799aaf9f2b9ef621,0.0013131815106350885
ck_f8f6a03613b6dda8,0.0026466831312367545
ck_7cffb189f4f514ec,0.991143993317222
ck_c081e1967dcd811f,0.018873631311671236
ck_583d6ca78c97d91e,0.7467642058195165
ck_9332bbc7125219a7,0.004661072903803975
ck_956b5af6d7d86c65,0.8728334052803722
ck_2d634e3f24681c0f,0.008782953856933439
ck_7b35d218ed0c5a60,0.002137872894723045
ck_ca5b1057f8248f73,0.013873699305207966
ck_ec5ea81cf813597c,0.009576069176123603
ck_eaebaf4d28400fb8,0.026098978232693117
ck_ae2ab6be219219aa,0.02073291413051045
ck_d99a8b4c820eb46b,0.009667755974549525
ck_bcfb7ffb7cd428bd,0.015804344542513935
ck_3dd542c2d31be2c0,0.010590638837429353
ck_c7dd84401e29a7fc,0.0003880645058865294
ck_c4bcc7cefd40f8e2,0.0005641698014352448
ck_c251898b5d51e3b0,0.007681339266795377
ck_36d37be780c1291c,0.00043941294171854687
ck_99b4f266b61ae7ee,0.039085333157773156
ck_c37f03995f0f0169,0.0003995626035744612
ck_65a23ac8e44eb901,0.00010513578036182018
ck_644b1c1149eea9e0,0.019245413271475584
ck_9cf44eb0237c2429,0.004063744667322294
ck_20541686a94fb71c,0.042530334432668605
ck_c18245be844680f3,0.002519103820632308
ck_56de216eda6b7fa6,0.0037072534058817837
ck_406c4442dee45cd1,0.0002689099433035513
ck_df1585c7d72a96e0,0.0009549250063466986
ck_b8e8dba20676d87b,0.07279051277281634
ck_0ee6965e68efc177,0.008590427160193924
ck_c2a5c54ad8d0d297,0.002196897022343857
ck_bf6fb7e6470e95cb,0.00017053716751202932
ck_27fa694569140345,0.0009030947783030543
ck_e04166b0ce66393a,0.0030010291890758016
ck_8742114f4f0cb22c,0.21331213921417466
ck_6eceeafd56b42576,0.4869714026096617
ck_34f9951b0eca1965,0.014280269663832949
ck_384ccecd342a24ad,0.0003739936127170358
ck_49c98bebd1338879,0.0009051521446168707
ck_6c26c12071c91ff6,0.00282555687178579
ck_01e5986ebb9a78f1,0.06463306252361456
ck_121db7ba3be29ee8,0.008883430704208705
ck_039e6d5a330cea1a,0.24721763313510467
ck_ae8c9163cf957d7e,0.0014016656066823286
ck_3f5e8f3f1df0c8c7,0.03466328309018566
ck_b1c51fdafcd80122,0.06910173120525716
ck_12e2b5ebfe8986b2,0.005390060585312648
ck_d55eb81a4d543c59,0.007972961651481323
ck_f85155ca5c312c7b,0.09280698088413393
ck_133d8a1ac7c0e301,0.9978637609273635
ck_04212a9bb9b28696,0.9996027696067651
ck_4cc11c7d3ca61f73,0.0009372801639722728
ck_2df4854186ec515b,0.003354571680579318
ck_aa9b28e7fc43af79,0.9654416760896208
ck_47cad6c3def4c9e4,0.0018993961397239824
ck_fbff7b5da8111567,0.0062137777924583144
ck_bd25ea782e375b22,0.021620435173587985
ck_7989376f8cf64a9d,0.009078404910814639
ck_675c0ca1ebb1051c,0.0009753193653271279
ck_1436f6e11d4008f9,0.008577512307123794
ck_812cb3a4482cc618,0.01685969786428132
ck_6e606f73a1094afd,0.009465620455659109
ck_1b708e2a4a0584dd,0.015990146659893907
ck_a60d6b324bae0330,0.009313197472862576
ck_706a4f673a9fda3b,0.8504740936328172
ck_a75ece9a9044eed0,0.0017813979339203294
ck_9aa45c4e03c8c57a,0.021689056232398838
ck_9fe9bdce982b312c,0.057863390403042884
ck_c6fbdc5ba68a8466,0.007355535084827604
ck_ed0cc1b1c28f9511,0.03769352539160496
ck_a4e2607b4c8021e8,0.0002237278916587376
ck_e02f93f51cc8caf3,0.004315268774135259
ck_7084ed3cf20781b7,0.037062278108399106
ck_cd4c63155570d6ea,0.003570010345320999
ck_d1b9e5d32d2d789f,0.005833184941877126
ck_68f56f6560a7a933,0.005260717042816798
ck_8bedacc6233c6269,0.011192970363937961
ck_ab7cb50407d6b13e,0.1037964080174289
ck_f17ed7e0fd687742,0.12322845562490412
ck_b0fe4b92fc70f72c,0.0028290713707462053
ck_84d62b8196da2452,0.028252831903175412
ck_9e298cae167f4693,0.0023061983921852736
ck_405b20ef9ad0ba5f,0.16004533295485812
ck_813e02e1ababd177,0.019399626261423192
ck_f234ab47061ba7c0,0.0008882144462238545
ck_22b587c18363899a,0.008564456599266366
ck_4e862c2f48c38aeb,0.004935769348683941
ck_b89cb90a420c9075,0.0054725746771479775
ck_be2251640f27a3c9,0.054046660912037546
ck_46bec0bff167ed3f,0.028497483505340725
ck_c0032232c2868328,0.009743843920381542
ck_030cf09525dba4ba,0.0037654629158729042
ck_6ecf56236789fc09,0.9943745538858682
ck_38d4ed52cbe6d123,0.0838776688468086
ck_2d923d957ffd4d53,0.005042947800276966
ck_3af1eb88728ed8c7,0.06550757255170381
ck_2f8120ca80a1592c,0.004149215773379971
ck_6cabb1a133f0b151,0.00791464096499697
ck_bb6cf7e7b707731d,0.9599957048508145
ck_c8307fecafa90140,0.010526885600049126
ck_75f968be67f46d24,0.04583110665842892
ck_df6fe4ec5a233213,0.0025923256002403712
ck_b53e88c0e927d896,0.00034420481183504366
ck_f0093064aa28f4d0,0.011377030196028716
ck_ec9976cabc63ff92,0.0027856903120517854
ck_30dac0a58c5590cb,0.1802282340533564
ck_348a525791ae6475,0.04489377310350564
ck_b898d912d1181ef9,0.0004742513784838314
ck_f5b1200dc6f95760,0.07289765051668687
ck_54978a073e7a0b1a,0.00870545518684466
ck_55933936536a4071,0.0009636621475179077
ck_d6ba7ffd2ae08863,0.013108145439486067
ck_404e2217fd87fdd2,0.0018914995739455947
ck_dfaafdaefa5716b6,0.015024396719672276
ck_556c62e92d4e7e5b,0.15283187255701242
ck_7ce44f4e06d58111,0.25475159499371064
ck_465cb8ce232c7670,0.024954121805218613
ck_237508ca4fb37268,0.03292349266163903
ck_ba4a6b9aa63964ef,0.062076086079249
ck_4802a0a7a1882c88,0.5925660907410641
ck_9478dfe4114c30f6,0.02022166449096665
ck_5138f6c575dec64c,0.015821008613816828
ck_aebb42afe430e2e9,0.0002759802807852703
ck_004efa95555437e9,0.003942825878586391
ck_11af112667c98394,0.0014257665821088635
ck_44e9a18a8645c9d3,0.007609005724397275
ck_2605fd571219e28d,0.0004257318025442529
ck_dfc933493561d84f,0.007996195065609847
ck_67674348e68d1f25,0.05633638901993689
ck_dd97429277a2fa00,0.01758330637494585
ck_d3eab7a06eb48348,0.10035291958426727
ck_0b9fcff9667ec05a,0.0013801937943304084
ck_fc4bfd6e739bddea,0.004803168435492637
ck_43292f70a03ddf2b,0.15147866159564657
ck_5ff6108056a3fef5,0.008924452853241402
ck_767e0be086b5f601,0.027495067329105026
ck_b8465b1a5666155b,0.24664167492345307
ck_ab2e3fc56f5b3aae,0.12949206616395556
ck_1833c81d693c1e07,0.9981504889780335
ck_0308e0602b856445,0.0034994859108885817
ck_ccbdfe744acff8bb,0.005190745277947053
ck_b294aa27a0b586d7,0.0013059205407394345
ck_a3747201f377626d,0.9952030471036363
ck_edde1d7d1db24725,0.036341832449975006
ck_ae3b47d6e1063704,0.00956740773400675
ck_3aabf5e0f4defb41,0.024992978960875878
ck_f034adb57391f3d7,0.049653914487030854
ck_533672fb40531607,0.385032306836966
ck_2a244f1ae08ef83c,0.02097218254341762
ck_a35d81bcc54ece2f,0.039378561168517345
ck_78a61215675b38f0,0.009994121536498587
ck_e013d88ea7939616,0.0022965413836826074
ck_e5018f9418e0102e,0.08186212840647904
ck_d4e024fcda401a31,0.0059350506374990985
ck_f736cffbdb82db34,0.00023948062242183177
ck_1507f5aa50cdf3a0,0.005281524360987517
ck_18270fee7c8fcee8,0.0005775788405102683
ck_95ffa1a805a1c9d1,0.0007629893886079664
ck_11132d245b94d045,0.002879696704836054
ck_7b93a622e40d8b14,0.204115068078117
ck_3854c08d17704347,0.25859093372424885
ck_7717fcb100dc4b5f,0.004403261474098972
ck_ba54e0a1c328119b,0.4274582002558933
ck_a7afdac4ecbf2de4,0.6815718452573861
ck_ecfb771ed2352085,0.0092502200971564
ck_68be4fefc85a6b64,0.6574665892318445
ck_dac7c50bd6d0148f,0.0010451183314566174
ck_87cf36a03bd63c24,0.5099384593714829
ck_8adb40b168b59d7c,0.024351522974737038
ck_8d2f62930777416b,0.13972578903604793
ck_9958b58da9e3c21c,0.006482539403167614
ck_9440335375701f44,0.005964624051386104
ck_e2f88e202b6f700a,0.005833689533506778
ck_4c7c50684827a2cf,0.005684337688298041
ck_8a6ea4a79b1c7a8e,0.01090958561415323
ck_186dbff4b24a3bbf,0.2058501990771103
ck_220fda3c11c59b6c,0.04840664051610676
ck_3acccc69f8b1fd14,0.1367812948033275
ck_9de191bf79afd676,0.010193179986706461
ck_6de6b1663f9457f4,0.0013925910365037183
ck_062754f8b79b86e5,0.0013034434994484963
ck_aa153a89a52f7eb5,0.05108917795956445
ck_34a6bd3be642f15c,0.009529077000636512
ck_9371c700d9830326,0.020126755968901483
ck_a99e0c258ad7576b,0.002145049818085438
ck_0a7ba51d626e932a,0.05491044460838471
ck_852c50bbba1ead13,0.19952349910044195
ck_43dc13b6b6d31297,0.026464442745620105
ck_7d81b59d615a6649,0.00979196272869443
ck_39a3f1da060e88bf,0.006044197348095585
ck_6fb2d142c09ed3ed,0.12053922512824436
ck_6e5752b87324b58c,0.011116129348116597
ck_9441d48a12e8a4bf,0.3971181509889433
ck_09e9c51eb538b255,0.019458859374723185
ck_8d0cd981ed3a183a,0.07369143060485189
ck_57c07c45269ca8c0,0.000905614676392165
ck_ccfc9ab888ba933d,0.018291523364115832
ck_9658a6ef471053f0,0.005296535034018284
ck_dac3852758f4ea89,0.00045120481917944083
ck_b1ed2278f5f14d82,0.0494961643076108
ck_333544d173524f70,0.056721850801354314
ck_fd4582e3853ef23f,0.009651045119049535
ck_614d936cef98db04,0.003376804584576229
ck_6bc351a3d57aac54,0.018345109766433616
ck_af5842fa7202ff25,0.0014243314280118573
ck_81307759252571be,0.0077320889388467024
ck_b4d2f02d2cd45720,0.41883537504063906
ck_1bd753a4681946c8,0.9844127237407346
ck_46d8c029d46867b2,0.0011309056723537516
ck_b7da6640fa2f49cf,0.31855596398720015
ck_9ea3d5a5a91fef9f,0.21598157974511478
ck_7b922518f667f76a,0.00043423028017460614
ck_2a5b31594206eb30,0.9332563164450922
ck_d9506476ad3f9e08,0.0007754318712264415
ck_c8791f7ebd4d93c7,0.012709339597780497
ck_b5a3e20fd210017d,0.005129863882984673
ck_8e54386f4fe22cad,0.023386074626654048
ck_75296704f5806f56,0.04714724081695213
ck_0fbbc7a6af300368,0.003234382454993988
ck_d19bf4dc0627113d,0.002883702373028367
ck_7951bd4eb99a0175,0.0013236313679814858
ck_059e4fac6b7f704e,0.0026053286731333117
ck_2ce8931af02a2ce3,0.006609622533521302
ck_9e665618a4860306,0.0006362298255808336
ck_6fce5a893613fd2c,2.7413729164707333e-05
ck_9e3fbd04e3532f32,0.2519282845255013
ck_55f2ef0de3420e3e,0.004477622681150063
ck_8d87658a6f5d204c,0.9015620394531063
ck_6d6ac1f5dd882aa5,0.0016839747842668578
ck_55d0c7012d7ef236,0.013995760149481692
ck_7738eb085e5753d6,0.014031970525315423
ck_0e6e05c3cc8c8242,0.008911475146172035
ck_8d27ff8383d48132,0.003219110720320955
ck_9afc3bb849f3a64d,0.015852987668313286
ck_27eb86a9898cdfe3,0.014518398539160638
ck_1d40e4fc541abe93,0.40195166347371214
ck_4fd9dc00e1913587,0.9918043425611074
ck_b26cdb2b7b165d2e,0.03035273198953488
ck_a79a27767a02e31f,0.013524298762556083
ck_f0c18cb9f951a71e,0.028690584031089948
ck_50460e0189de6274,0.9363958108866952
ck_5e5280539257c986,0.004663018491915306
ck_eeb854318b3a6f0a,0.00591340247597063
ck_943f66f28dd24750,0.00031935301711328895
ck_984dd7452aee372d,0.013385666027155753
ck_ecaa6de0aca5e9a0,0.028539720268446814
ck_8f1cbc432e2774f8,0.046787974358133845
ck_d91d9f8445b9769a,0.49735009528089485
ck_73c18e03e3c7612e,0.0010271027249415963
ck_aded05ada490da20,0.01284109183239702
ck_f744e208183971f8,0.000146993000335473
ck_02d4cef6358ad3b7,0.00329915427643351
ck_08ff5bd467226a5f,0.00040197885123831865
ck_f824b326d5089885,0.6870602947912954
ck_3420f2fd520890f3,0.025196362545270697
ck_1838cf8d00f5b1e1,0.03550276021427125
ck_a85182ad90b6f1e1,0.002270481501310347
ck_fecb39c82c43e76d,0.016390454019392216
ck_162513e73782929f,0.014082328006780793
ck_2c27b77c59d8f23b,0.08583549585976524
ck_4221e07b17388fd3,0.01065655179391545
ck_adfb8472d5c3d669,0.0073416279656491
ck_0742fe64055d686f,0.00020622292339738838
ck_5060aefcc8b6f958,0.03691181770476119
ck_643f549b4ac78a26,0.7304984741521847
ck_dba767885bd6ad69,0.008149772060236914
ck_0dda35c0c64c7073,0.9895615741354928
ck_38ea56d43afa5660,0.0416495609123077
ck_d813e15ac91f487c,0.14327902043698182
ck_4c840e5585a7b167,0.09651896530022241
ck_cb8551453a7bb929,0.0028227163133226355
ck_05a00b1dd5a03359,0.0009733664433751266
ck_837cc7fd48453a01,0.001997139966934561
ck_49dd816b31fba6b6,0.9503024449902194
ck_86a61d9a39768e87,0.008458377270286267
ck_cd0e76f0e7bb38cc,0.05998601322705153
ck_dbe58392635133ca,0.03747281771294106
ck_3caec7dd6f8d02c9,0.028711276743782817
ck_bfd9bfc5b6ab4a54,0.4188181595954968
ck_2103399bdb2898a6,0.015743256390478293
ck_329f7de7279e74c5,0.0072987747731128125
ck_9bf0d28119fc42c8,0.01371598180731067
ck_f781539b1042dc83,0.010432997078033785
ck_9986c7d781ac6b4e,0.0028920735978071495
ck_a627734880aca848,0.0007481739550406817
ck_2106e509d77fdb4a,0.7433305162295043
ck_420d1a9c604293ce,0.0013901841372708302
ck_fce0610c527e2b56,0.013422355428475783
ck_073da541ec3f9d3d,0.004791373716621957
ck_aa5f3ab48c17fed8,0.42914060168855994
ck_0fc1086e1c9e04b6,0.008464788422297111
ck_5c33bb46c1a5945b,0.052793698365562705
ck_500948a8d4bd8e13,0.0036728342713884528
ck_19becd44f2c3d2b5,0.03023936647597903
ck_7d0fe77dd5ddb656,0.011042558554593853
ck_f158d9e5f101bb35,0.020519673098077788
ck_cdd7c77823c2257f,0.3080667647500771
ck_6c7b41374f9b2e55,0.016973434713902332
ck_417090dbffb1a63c,0.020199427732533203
ck_dd0e17605f970319,0.008346056980960453
ck_3646515079e6be55,0.005329978770979265
ck_89c8b06aa8c84b2d,0.13484558617310974
ck_e4d6dedd97233c07,0.03822648452838599
ck_bc82fb1895fddde5,0.0020446148659334956
ck_88a8b1d442ca3686,0.06516241300536402
ck_5791f8f76a629a4f,0.21394070685068736
ck_9cf5e88e97c8c7ea,0.004169404930562616
ck_58fd684aa5a6f289,4.529392643441458e-06
ck_9800c21dfbd8e811,0.010913990641897027
ck_8ae64df60ab6ccda,0.021303178071887963
ck_e535fb0f0c00418d,0.24371601286669312
ck_48011996d54855ac,0.7844742579855415
ck_ac79c72a8fe3fdef,0.17012878584920102
ck_b8cc2df5192bc49b,0.05167940109292127
ck_e96a5e1f08f8a867,0.007869764242230728
ck_84df6770549e43fa,0.0016862304034554988
ck_e5f7b99ba6ec5767,0.043543864183187696
ck_8347455ab53ff620,0.004846078835530024
ck_a84f2cdf695a71d6,0.0013830352015522392
ck_90456160115f9ef4,0.002303452732638647
ck_ebd178b3f3a9c50c,0.004065984507727325
ck_e1140be6157bacbe,0.0018595945999223729
ck_744ffc11d32b96bc,0.008633619708938044
ck_e12a9f7d027e3387,0.0028230857345049242
ck_cbe525da0b69f18a,0.016639150004281577
ck_aa59702537557ff1,0.050325068863046454
ck_0348cc6908f7f3af,0.0003720110338075802
ck_120e995d50956bee,0.03327074246926239
ck_9fcde1ff46cbbea5,0.00026785825930749404
ck_54b0b070689c50d6,0.00015943645141442347
ck_966a167758fddfd4,0.19737706697685836
ck_d5194f2e92fd6427,0.004000956078987629
ck_2ee84f3fa27f2cb8,0.0013464893233450799
ck_57d0a7eb7eae2eaf,0.05752094531907826
ck_6a2c4edd82e10969,0.0013825172881892498
ck_96e4d38ef670eaff,0.00847795462035148
ck_52cc2fd5095b169d,0.00850374696236772
ck_4b088920f3a844c1,0.13905417229094477
ck_8f3ccbd20d59f1f4,0.011061957182159646
ck_e5e5dc431bed6f9d,0.0028158343734617747
ck_e8b5bfa6838e28d1,0.0036460812792784196
ck_4bfeb78b47b7c6a1,0.028519715278179817
ck_a705c61bd679496f,0.0038235325628965147
ck_731869a0c39cb2fe,0.019307839952975615
ck_259eb102342057ea,0.003644435654673171
ck_47a6005fabc33551,0.0022166674045350355
ck_682262b455a9edd4,0.0013948984118589696
ck_e839d104854945f0,0.008042790860252901
ck_761989aa4c47d746,0.018754841842785436
ck_44211dc210139ed3,0.02166094866044866
ck_9915ceedf63a5289,0.047897442698871015
ck_da59ab47cb6284ad,0.0008334799808724665
ck_e5cdbfcca2456652,0.001286604987742161
ck_13f2560c6a1ec62f,0.013893327564811361
ck_a0543e9b3abe1001,0.021246544063706307
ck_11c7a58e09e6547b,0.04200484935899691
ck_69587a134d43a4ad,0.15400390476049025
ck_28dc0de0ae291f37,0.12735829043974264
ck_298922703c5bbe05,0.09132316911750521
ck_fa5ba9ed9ed6a343,0.025619920098649728
ck_c08e64d424e56c05,0.04133775622677273
ck_598e036a28262aeb,0.024248604805633567
ck_3f7c870510083a51,0.004516426353454408
ck_364f8203a3e98d36,0.9061300239349952
ck_7333cedb61506ead,0.00780835395288841
ck_1d96d7fd65f208b2,0.035287670640261795
ck_63133a79f23e2627,0.061923899260351044
ck_901d820e0b72abae,0.0011698088020262363
ck_5dd80b3c01457bd8,0.04676870577175003
ck_c0b8067c144ed6c1,0.004029707915561836
ck_cebb8aa8c8f62c60,0.010569276214681126
ck_79749eca42ff1f5f,0.01236545660201942
ck_2cc1d9b587f6da31,0.01972263035957735
ck_ccc7916b56d42195,0.0016771987560599655
ck_e43e53cc7b8b8e41,0.027852955521172566
ck_4ab74a6e7450416c,0.0033564133183645022
ck_6e44024e9de301c6,0.000490822179206838
ck_dd78cb6ae2866cc6,0.0019809861042741554
ck_c363d3b050baf3b8,0.2727575104300624
ck_2d46291975f0dd08,0.0004260799200690758
ck_76ebeb5aee42f041,0.0855250791548709
ck_8395f004cf4d4c08,9.32047377458113e-05
ck_de7259c3741db179,0.042661450084039036
ck_3938e92585df2b34,0.021442622217268167
ck_af69bfcf4f07d932,0.0008253803370936187
ck_1723900ab9afe374,0.06989183683618291
ck_3d58628d1c853c8a,0.0016340195185956564
ck_12a074db100481cf,0.18022950620859735
ck_8716cbf892c50e29,0.0021996031346632
ck_fbf7351958ad9615,0.0031514776628204597
ck_a50370907e6b397c,0.1675603363397199
ck_937402a60df0821c,0.0005742646485934838
ck_8ce9c5807acbef48,0.0028784630677667626
ck_acf7d65eaaa4c31c,0.0030238031020592983
ck_ec3eb6dd0967cac5,0.12783372146346858
ck_fc832b0c90c9bdb9,0.9872106087909945
ck_8129e81cde280131,0.000494304195625532
ck_52c0ef68aa2fb8cf,0.020950353838869624
ck_06f042e9b1b662fd,0.078643939563187
ck_0bf35dcf7b38f650,0.0017857002295934505
ck_615763afc2e17a7f,0.001663630678809891
ck_e72db9d4b2fc9997,0.993803688306675
ck_13757bf0eeb353e2,0.00865189569395413
ck_abaf371ec8249c4a,0.24888560613367353
ck_9b7167da0920c37b,0.09412127290821579
ck_2e824b0b27494a17,0.04066212853804267
ck_9a0b605e9c3220c4,0.0592039968881376
ck_a5276af466b681de,0.00010895429162251043
ck_9e0383e1fb6e214d,0.08532481290165074
ck_6a27c44b691dbfac,0.0016212236850590212
ck_af39767cf583905b,0.01652218466137372
ck_243b1b9fdd3f9a74,0.0011212091854257648
ck_c0422e638a9c6046,0.017821134626984626
ck_e0f3ea3373dfc4aa,0.0077549521096686
ck_d56ee1654378ffc7,0.010413186632470796
ck_20cd2f5666719baa,0.0005963125012176704
ck_4dfa1c1e9b69fcc8,0.0013618260692104327
ck_5d22e9ca1d15180b,0.6562891650689606
ck_f4a7ac178fd55f0e,0.005302248263317683
ck_fd5609bd23a1eaf8,0.0037261334902262432
ck_49c3bf13dc9471ce,0.012750320203036153
ck_724085c3452d4693,0.5268172553171885
ck_e5d1462846154a75,0.0490994159267584
ck_c69ef0f3e7d6acf9,0.3778790153433589
ck_a2d0417791d4132d,0.0062513819742835985
ck_00a07fc2a9183c3a,0.00018878993954036266
ck_781b8288e54ba8f8,0.310788457786195
ck_d74a62ab3804a81b,0.0014586024019920237
ck_abcbde211b6267f8,0.3329868133730722
ck_16dbafc035574654,0.0007019920251807333
ck_018f780215ecaf38,0.0055656270599561426
ck_0b259620eac51618,0.0007671422105517118
ck_4f875342394c110f,0.07262004986996928
ck_399e45e5fe9beaee,0.009485926646104065
ck_36224a2d394ebfe4,0.05018603920172206
ck_c189b551bd111332,0.0003428982539964918
ck_125c5a720ecb177a,0.06698859268424856
ck_76d010aa02eb477a,0.00024116458241896826
ck_1071d14c46c92379,0.8784347864445236
ck_61d244b2cde483af,0.007360106578222875
ck_2ff1860da2004c84,0.00031179603803671715
ck_c5b583490198672d,0.011156945843599246
ck_1294f7af22fade11,0.2828357210068398
ck_e3a22799716df39d,0.005118610503957896
ck_c77e22834ef97005,0.30461201695837814
ck_73d3689728270a2b,0.00024040109244253727
ck_295565fbf77ef885,0.005622919220413504
ck_80c0a7f54ff4895d,0.0027608907047057723
ck_f1ef5cf7f10b16c8,0.1240359849564958
ck_a958b2461ffc21a2,0.09311130193411643
ck_0e7899a57cd617d6,0.002768653336224632
ck_9d4fed252718f58a,0.028475455587206554
ck_83c2c34add971d76,0.0019603070032440544
ck_9ccc030ba2de9fb2,0.021161101754736754
ck_cd691e3466fb3742,0.013250534818270788
ck_49df70f908dfd069,0.15393628980056118
ck_362ce13eec1e33a0,0.004824574515759569
ck_2452a30397dfc54c,0.010353571663948662
ck_a443d49c2b4863b0,0.0024193177762310315
ck_c8b2e2cb349dd0ff,0.009885028413634318
ck_354909fecf5da8cf,0.011686311900142642
ck_841f598bbd54c83f,0.010728072745529817
ck_cd6fbd4e8724f994,0.030935705295521865
ck_e0b3158111370118,0.0042078693531243236
ck_4c2f2eb657c2c60e,0.004314479712021482
ck_ef346071f0b7654b,0.002612841858681237
ck_f3bc10e3decefce4,0.0013853014506015812
ck_189b6fbe9b9192e7,0.005634344968964752
ck_5245cbc5ff4d4fa6,0.01817555817671546
ck_cb42e3be6fe87f60,0.024833260824213454
ck_966d4d713cbc7792,0.0006826656590959611
ck_1c8c969667cbaab2,0.9256853670677294
ck_d35e3aa9ef5d405e,0.4293484532238535
ck_a1c39df50a5873b3,0.05390522343187388
ck_a152165caf295b51,0.01611589739910146
ck_891eaedae139828e,0.013233184564441799
ck_1a46b56f4734d52e,0.0002614119354962291
ck_5e36042cfad96c99,0.41216550396962504
ck_02a8582c2603e675,0.005574020647465027
ck_6def9d0429e4ed4b,0.009400622284732646
ck_e137400825a1e3e6,0.004518933215970691
ck_d91ab840848a54fc,0.0009840770698121895
ck_becb6e1c608e0078,0.010103051102885636
ck_6fd8c86ac719d7eb,0.14894627205412325
ck_3ed4d13f12fd9d0e,0.010433845034376693
ck_007337aa99a4891e,0.0006865936607663189
ck_60c3d8306527a08d,0.00034792674232273814
ck_95458880a54df0b1,0.665502244113802
ck_b48cd8593533fc1d,0.8678733902309657
ck_021c6a4a7e3f1f0e,0.002666752113581648
ck_764d40f865e710af,0.013483009688042029
ck_4b84357ae8ec7777,0.0028589081902031794
ck_3397c7856b4669a5,0.00011200991730104673
ck_920bb003b42e6310,0.00010143389578117207
ck_8f59f11b512d5b7c,0.053804235173285676
ck_a3acf4b986afa98b,0.11456469113981364
ck_e89d25ed7bdeeaea,0.0018502389298628889
ck_70e6bca473bf6902,0.0006541354496940802
ck_186161ce152836f5,0.003969137542942096
ck_9191579254663f5d,0.0010092159691048382
ck_1e6628879e9d653c,0.014478020562647107
ck_b498fa91a0776ff6,0.05767880239290733
ck_cfc2384f22954830,0.08894678792854105
ck_17673a1c2867888a,0.000246872437388772
ck_523dce06515b072d,0.007989033426532337
ck_c20638a325ead2e4,0.0011403231490038292
ck_d3877e1f907cc148,0.016454582629306973
ck_e9a2495dea8675e2,0.01648275707922565
ck_7e561caa5fa1f3f1,0.09630645198239163
ck_455672e652fe1abc,0.9990419258834208
ck_7f8f864fcc90ca82,0.009460384424653146
ck_1ad36046aaeb816c,0.005443320959850474
ck_de056e37c82e8e00,0.019272471193406478
ck_7484c214c889fe7f,0.02933124544873472
ck_32430e678c4f9f53,0.00042896416384676764
ck_6276ece8f80ea799,0.0027898965981632555
ck_ae8e5dc4b725bc25,0.08390790161339577
ck_f01be92dc78a2dc7,0.044289483930851484
ck_233397a8bd40d38d,0.0007090561217645633
ck_f8124911450fdf31,0.9277715443486181
ck_aa0a3179f1111674,0.0001471871936187261
ck_2366b29ed9887a5e,0.008241764539420797
ck_1f22f04dfc08cf27,0.000526047226129763
ck_b62276c3426d680c,0.012465464999720352
ck_d099fca88691f66f,0.0173422987034943
ck_166bd1dcbaf4d6fa,0.0006087334471436001
ck_7b1660e942436e12,0.009204589765301679
ck_4a9a791a1d409a3d,0.017921549628402603
ck_b003e5b54df65db4,0.0021017779257261264
ck_64b4dcbf436f0b75,0.004379952650298455
ck_26e9a7bb2061a58e,0.09253720142720004
ck_08b77ad5f8f73007,0.007081924354832388
ck_366616a725afc6bd,0.018436782773393848
ck_934fb5064b6eefe2,0.00046439867011757973
ck_c6abd5d57b1009d2,0.0066210311998383805
ck_edcfa9e1cf29d813,0.016845473437956195
ck_c30201ebd003fdc7,0.0066636418553623
ck_c54643d94d3ce355,0.14123134904733625
ck_02adda6e91e49650,0.0925181827122441
ck_5b73d7c5255e58a3,0.12317898990367065
ck_129ffae92dc01408,0.00013940868446098753
ck_fa321945ebedb916,0.22215168324909798
ck_8da980cb2e1e2bfb,0.03646257329559804
ck_0576b00d728bdf19,0.07877436471566099
ck_c543d82e22b3c8a5,0.001026167109655221
ck_0027ba644f9ae2cd,0.35003513632234706
ck_8dbf61df902a6bbc,0.0008962375583483286
ck_90eeca1cda79fd41,0.0017039817177213986
ck_86d7127391d4e01f,0.0003816908313358861
ck_73762038c7ff2f6f,0.004512442220211565
ck_a1484e6215fac651,0.48075078105029373
ck_cb83b9f806e90dc6,0.26869451659038085
ck_8c6f059c95872126,0.0037092854140601083
ck_3174419a81e7caf2,0.001227284934164658
ck_6a0f8f8fa4a3c2bc,0.0192074083176837
ck_b5777605668bfca1,0.001035216466603358
ck_27e4de495abb4d15,0.0002492889016640396
ck_7f6fa79c7a107161,0.003612148706679952
ck_c36ed9f8e6792ea4,0.019122370578697877
ck_67a1aa88d2ea554a,0.4150724661703904
ck_09748dfe4df3d540,0.005905353470680666
ck_27fd85b1e38b675a,0.0027445555625040894
ck_2369689bd795ee10,0.012510492887951528
ck_4eb1c12f7d092bac,2.2255651582723083e-05
ck_01fbafc42c8e33f5,0.013159643003996715
ck_93c4e05699b3b7d0,0.002293625504592108
ck_afc484d1b6907983,0.003894210188006533
ck_1b2d9cae92a1aab1,0.015164065035642105
ck_73b729cb161487f2,0.004158561220999169
ck_fe3c1d0ac090d960,0.13359158526867526
ck_408efac1d3885ff8,0.07092595225045176
ck_ccb4dd9d0a48a76e,0.0025926369657511225
ck_2987eab34ca7805d,0.05037688159903603
ck_1dbf1f15193197db,0.08117766592409333
ck_4ed711fe4053e74d,0.14906415864136724
ck_6c54adce174f45f4,0.05952109993682507
ck_a6c740041faf0bd5,0.0019412663305700129
ck_b05c4d33c4f43639,0.2394822506557999
ck_032880f1114dd51c,0.027626825661059548
ck_22311b037456a76e,0.00022766492670343104
ck_5866b413549765bf,0.006521668883130137
ck_0e808afe2570ecac,0.029078064781754384
ck_634276b05f4381f8,0.0009705780691510329
ck_5d8773badd0d4740,0.027752005357938016
ck_82b5b79ce3517102,0.9849571898786481
ck_b378b8d8100ee4b1,0.05406942108276128
ck_54e581f71be5430d,0.0006733847376795414
ck_798ba4b8aa544fea,0.0030308065810598066
ck_3fe86b6331ff95e3,0.20023551689478716
ck_81275d9d4c559e6f,0.010204815648071505
ck_99a4e5ef02d89493,0.029700638991252085
ck_54e2eb018d947790,0.07961706173672031
ck_966901ea9c77cc02,0.010415158023622938
ck_27d69ff4e0cb428c,0.3902402191346982
ck_2cee2dd7bbfc09a0,0.9849452568680745
ck_4136b00924695ab4,0.00012452942454823453
ck_59a164c40c03a45f,0.1694314264395029
ck_3e24b026bc66789b,0.0004790622683828673
ck_8105bcf69a75ee47,0.006538142616011892
ck_7a1782cefe26a456,0.060294012163330996
ck_970c7dc195161272,0.00031192880681191415
ck_a48ec0c00ae20e82,0.06582704983426475
ck_54b374ade34e1dc1,0.007228497184760525
ck_74e5dec189761d14,0.001349174734810336
ck_4717f24f2c6f40e1,0.08717501062301972
ck_fc8cd8a8209e802d,0.024219147537619386
ck_71db4131d7efe218,0.00245244142596441
ck_45424ea6f0bc4650,0.31351216157362943
ck_3716c6181a5035bc,0.02802797813656892
ck_26de14b96bdad4f6,0.0021458128441522017
ck_99c0a41ac9c73857,0.0008631724248256616
ck_645f15bbbcff3b4f,0.9979127894194568
ck_b7e25ddd41514d4c,0.0005166507818891939
ck_d5c14e877ca7b755,0.0009952817743617945
ck_05ea4440dac6cfad,0.04600183567675961
ck_c58bafff7b1955cc,0.007739775260967802
ck_f0cf85b67a9b840f,0.03955701205421436
ck_ce1500a7f0d03fba,0.04120111488436642
ck_d4972a775aadbbc8,0.006033983087469727
ck_3eb6146c262e0fc3,0.0012374817907327101
ck_afb23858a4ef42ed,0.9978032071011387
ck_2c1def5c91c52a5b,0.09917461728602572
ck_72e550559487b919,0.0014197628650325725
ck_0284dc2b4f856b3a,0.45223108198978434
ck_03be334935e999a2,0.007263323125895362
ck_e35a4b4a3cb4cedf,0.004867790437518148
ck_5abe57dfff4b735c,0.002201484136470174
ck_f5f87f772388efa0,0.03603980269864684
ck_5a22cb36d612236e,0.002448859179958177
ck_8ff1e6028e764472,0.9873278405950143
ck_2ab28149b0986642,0.018076419418704005
ck_c88fc1bac79fa6d3,0.04891779743298176
ck_5b137d74bba6b1b4,0.0002014271007550181
ck_11f362dca2dfaf5a,0.007224132834048873
ck_7f960541e5174565,0.003422487609492143
ck_d5458ba39ae94498,0.008392363186169711
ck_0a921a73a90c2e39,0.11441958405265777
ck_6ad56ef40086dbe4,0.001401080670533035
ck_b68199ecccf2350c,1.388739570845973e-05
ck_6dac66c8198c07d8,0.04386934135068545
ck_9b9ce7bebc235fe8,0.004688548304268514
ck_6b817117d87063a8,0.03255904898891576
ck_900d62b3184378c7,0.006302760827854198
ck_eafe9b89857149b5,0.002988044535082528
ck_e74716a525ee5b24,0.00020282871738762007
ck_4e9a6f06ab134102,0.0010055399218896366
ck_b0d33b5a3716661d,0.0003375994052789305
ck_8703543bf3134306,0.014444264380290584
ck_923d6a0f83accef1,0.014359525083738249
ck_52e37e2170532e2a,0.2863391248022343
ck_c1c5ea839c58958a,0.03486442383794693
ck_660f0006780e87e7,0.007244829150016185
ck_830b2c5d1818ac07,0.02442235389192415
ck_b080ff636932d1f1,0.00043831165644505834
ck_38730aace405f2ae,0.9993235637661766
ck_9790138467a06223,0.00018695767763529764
ck_10de0b0d86b17839,0.004531363344510726
ck_c3e37a4d3382c32e,0.000722969719961335
ck_dd8edfefa1eba531,0.00035941770859779015
ck_8153cdadd300d234,0.001299910704953801
ck_74d0e7c2c6b63d36,0.9976662796763609
ck_c478aae3031bb328,0.014065010735563932
ck_cf301f2194975866,0.008250798309983497
ck_f4de03f44e3a5bd5,0.010066630434298066
ck_b06ce826e593b210,0.07142893926938379
ck_2fc70b6baf6a0e26,0.003415580801013398
ck_d208494cf5c90047,0.2352864500230293
ck_086d29ccae565e5d,0.00011345972018572215
ck_d5ef6dc116dee408,0.006388079376019129
ck_fdf0c5b722d83464,0.02114344650073099
ck_de8494b13adeffb5,0.005252062699480603
ck_556786868599143b,0.004826881894444106
ck_4940e78cbdcfecf3,0.0024509390602809574
ck_d32fbbfe32c00416,0.012741892371384941
ck_bc7710f7e9fae649,0.001082910221625614
ck_416f7ac57da081a3,0.008695222472228127
ck_6fb39b60c67d5475,0.003103184665083819
ck_e40a156511345d6a,0.004671650114875532
ck_49ab879b5aa7fccd,0.09911317242805358
ck_bb643194d1cbc47c,0.9966138467143575
ck_b3ce8f1bcedfa043,0.006036934536951196
ck_558ebde8c29132a4,0.016737996622584902
ck_e6222925762273b8,0.09318236332096089
ck_bd80546b4807dd59,0.037006329255619703
ck_bd21164bd2bbb635,0.01328077339382817
ck_ea835557d7043667,0.003938926142311918
ck_1411a80a157ff39c,0.03432920576480178
ck_ab973888c20c9120,0.02443293743074831
ck_95b48972061abe82,0.003316076040462975
ck_fc4a43f8876bf10f,0.5003727188859355
ck_f34fb7ccf82f41e5,0.004122499451305327
ck_5af9934a56801ac0,0.0010425719340502561
ck_fc7445ec76389a58,0.4586678192331528
ck_1eeacc26f02fbba4,0.10948462553295137
ck_4f325dd15c9bd45c,0.017092198744595336
ck_5009a6c8bbaf15ba,0.08675452301150562
ck_0f3de7f074bb33af,0.013890091452531525
ck_2cbc2f93a32eede8,0.09558939325037716
ck_4bb90a61c21a303b,0.0029926243601236585
ck_3ade9eac7d7b0dbf,0.20658016611998706
ck_4859a58629622915,0.030317074028987794
ck_5fed957287ebca03,5.509649638093771e-05
ck_ec01ae5351500355,0.0004458338072699421
ck_703b41624ae6a5b6,0.004527505416944689
ck_97c38e7f61c27e47,0.008165231717953438
ck_db2c0908150cb2cc,0.03968903300633464
ck_64ac5e6fed86ab60,0.9663485575029922
ck_da1c853b0a061e83,0.21987694605385827
ck_9a36916b60178ded,0.9039992798981913
ck_3715bfa7fed2c675,0.003274828113511541
ck_dd3feb77d7d4f6d3,0.002046101930208932
ck_982ebb24174a4ade,0.005679479251644894
ck_f6b7a10d47dd9a1f,0.0032857736134609037
ck_1f56fe99f250cdf4,0.028907245330311325
ck_deb3ac0606d6f6db,0.004191906679934789
ck_e666629e5a41b39b,0.012999499801531377
ck_756d2c13d02b3e09,0.016347599992077994
ck_7bc752ae7cf5d55f,0.005671699455797386
ck_fc0cc4b25e6a8194,0.0033456095077901813
ck_9b2b0e286de78a1b,0.007280619068062073
ck_24b0803447211bf3,0.018114235680340297
ck_82eed68d05a42128,0.07657538488491995
ck_c8a03c516ed5b05c,0.09425417917177216
ck_e914974cee1bccb1,0.03204631169501927
ck_0c533ff2d0f9962a,0.012558320389124045
ck_c12805fa5d970a83,0.08262193137867327
ck_fc2cb29918631f10,0.08780043219748741
ck_c20e89afe575549b,0.004575451088635613
ck_e1ff9e31becc27ae,0.05116435316647077
ck_18116d0ac08f1996,0.9837410902572076
ck_885a83975cea5e64,0.00010079004256300393
ck_a0c3059a959ba5d1,0.02600572095955552
ck_75257ca7d7da2861,0.018268190253777968
ck_2210f7a0d13bdbef,0.04459179628879169
ck_9cbd9ecf8374f65f,0.002544656826271802
ck_18f67c00ba21fbde,0.0016494022112492413
ck_2d28f14d3973d8fb,0.000867948836510356
ck_8b3401b44aaae728,0.004090284180937151
ck_9d8e9ef37797d3af,0.9229394182516778
ck_9f50920c894f64e1,0.00980116716678998
ck_4737e0d56c6fa0a1,0.00956795673698952
ck_52c311f29ca3aca9,0.0013212885277490347
ck_6a4981bc721df37a,0.016353254062898503
ck_823539d936c55fc6,0.0027371223161215515
ck_df5aedb4118020bf,0.9856803094880593
ck_a911a066ff0f7b56,0.03595667573219001
ck_684609767df4a14b,0.19046367330590003
ck_f2350bf355dc919e,0.009333268159784787
ck_8452b6cf97c65a5e,0.007691057163850469
ck_084cd84501012218,0.9727492678908927
ck_ace6b72e5bf3e93b,0.6314662136212431
ck_2afdd69094c955c5,0.04495298589998381
ck_fa7d5be26bf7b31c,0.3076027504311107
ck_4b041217690fca2f,0.11341415961085469
ck_9fb8e3d38cdf276d,0.9643437964705339
ck_c1ee56d65a42f59f,0.11783579487211486
ck_fdeaa1cd085691f0,0.018957074000773046
ck_5de33a7a87e9aa62,0.027559761352706984
ck_7476e7fe1ff45545,0.04794390443365336
ck_b0a947b498e47018,0.005925158777765451
ck_e3894ed88a7977e4,0.005082545740343619
ck_c7e07ebfb0bc15f6,0.024979975052942614
ck_3a3daa8b376f2a18,0.00040946557271929134
ck_87809324c2675b0a,0.018347785378364373
ck_7eb4f33260f1dcd4,0.003925298305286997
ck_ab9f0e08af030060,0.016165283391210886
ck_5b8fc4a76f340797,0.01685319983261329
ck_0e7bf10ef49aa818,0.13523040387827232
ck_a44462a3853ac67e,0.9997365961025233
ck_2d14bcd2e0fc043d,0.00042434406852864196
ck_df1f2dba802296be,0.9768878108451637
ck_466a7316eaf149b1,0.07094765930283752
ck_50df50af592b0c06,0.0017829865533068971
ck_5f9e34c849704b95,0.0010873178037435797
ck_7836bf6def26aa87,0.010715557647223343
ck_ba175b1bd8efaabf,0.0020406094869085192
ck_1a0aac7f7b94b1be,0.18935742739404263
ck_6768c4b2aa8ce586,0.017441727941786975
ck_eefcf0ed15897898,0.0029067482790733376
ck_7a6cb27e390b6ceb,0.004942042676189234
ck_5275be4e1577c1c7,0.0010312485533857003
ck_6bc0e5b8c0b7d2bd,0.09421482059531368
ck_4874bdec79f9106c,0.027464565031895184
ck_a678731156ad7bd2,0.681128206031543
ck_db906debc36a5d1e,0.07682391323780198
ck_e87897767c612942,0.09140167526889781
ck_45ed5ee496ef8a67,0.003939573395986011
ck_ae20e28f9854f3ee,0.05953578618856483
ck_9ee044b73943a90b,0.0021050808878359055
ck_dab34cf6f0626c9b,0.039298873795020964
ck_64a02b7b96149810,0.0008531086887149404
ck_c417d06f3e94685d,0.019225358861084816
ck_3e0149cdee4cb294,0.044726592601645576
ck_0e6046fc30f81705,0.00948802117265694
ck_c383aeabd53e9c89,0.0218220049651619
ck_2ef76f1f36e8b869,0.12707576193104025
ck_43948784650bb9ac,0.01212791394176668
ck_bdb966f43ac350ee,0.03609086155338702
ck_5bea0e0ee0b094cd,0.0029817571144810655
ck_dff090f03ca5529e,0.003019129168444823
ck_a4691b57f837d88e,0.012533900174711487
ck_99ee90946395d74d,0.5797309032310605
ck_cc81dbc83a8879fd,0.002091291199159988
ck_f3dc0725621b3a35,0.0014749516730915935
ck_1bb212d1288b9689,0.051599492098877375
ck_9e7278fc7679f002,0.059846863308789765
ck_3ded7a8720d7e311,0.0009813419149753203
ck_798157bcdb9453e1,0.004592093579558278
ck_9fba80f56f357fe1,0.003147584790317036
ck_f1e1c8491f16f912,0.005298124145935141
ck_7b1319a5ca2f63c6,0.9975841945638431
ck_124432fd5c92af7e,0.9811219360051584
ck_148cb0c723284dc0,0.006849037507447428
ck_b56c62c950eda009,0.0006195428578550792
ck_a0498755cd8d7188,0.00023142669479832292
ck_5379452a9d74efae,0.0009554960864361628
ck_6c2453229d608183,0.01054264455432115
ck_f9d8b4813a88c1e6,0.0026195840035297315
ck_c2c7d1e45a521857,0.09508689730115773
ck_4364a83a11743888,0.0008945777381999946
ck_2cdf5fd97ba75e06,0.17990202851437234
ck_71bc01291e0533a0,0.01887237655442155
ck_a725d7aed2a0bdc2,0.0005343521565790871
ck_a9b0c4dbd7db6a91,0.018171862243009977
ck_a4258806a533efa9,0.027509465263524404
ck_905e460591d9a278,0.3933966200617901
ck_20de8abfd8960ee3,0.06778795911587078
ck_252b0a0f1119b220,0.0012071572418642662
ck_95e4bef65c36af1a,9.151263355412897e-05
ck_5ab68b434ad53fea,0.002020008606465039
ck_13677a1957078827,0.0008675476805599251
ck_d251e9fa09e542dd,0.9996485107459816
ck_700cb620f300dd47,0.020927226877687007
ck_39a68c55a1bd3ace,0.3602868336965233
ck_61a59a7944d6c53e,0.3074582397640374
ck_db6d1c6d31da967a,0.003242385879967203
ck_650020c500b1b50d,0.004464338277168124
ck_d812eb6930192793,0.00032508548100951637
ck_92f6ebc11ebca89b,0.22019119045668636
ck_d87e26eb5bc84b01,0.00029909283329651864
ck_66439e697695224c,0.0019154163220983901
ck_f21efd504faa654c,0.0044213065092955335
ck_15eed0f5652f0352,0.007592760471688095
ck_bcdbf57d98dc0d27,0.07640797461551627
ck_873ceb8004d3a9f7,0.11560797174980142
ck_70bef9ddd4bab005,0.0022360858585162265
ck_7560f1891d66f294,2.8810873975810946e-05
ck_f439f16f8693883f,0.007163978733539102
ck_14f9535e53f9c7a6,0.001972132991873033
ck_5984be472d2bc267,0.5777007352209826
ck_ed01be7504dc4187,0.1482071784909293
ck_dc3d8b5c17b67ae9,0.0014189138280346206
ck_9dc23031b6b494af,0.07413601242112401
ck_fbdac0221bc03f66,0.011347746936379527
ck_863708a99b92ef0d,0.07628964277992291
ck_22b52654776a1ea8,0.9673840880970956
ck_a0714f98001efa0c,0.02179122963790282
ck_9c56114f84e9a541,0.004933008937530383
ck_e155cf506b2fb699,0.0029934884978221835
ck_65ed7e72f24731e7,0.014284681700164434
ck_822d6e8e43befc72,0.7013478117464327
ck_b1182471d9ac6b26,0.000497641621172016
ck_821446adc95e6da5,0.009700078344768997
ck_ff182f033134dbb8,0.07900518200982407
ck_9c5feef7647b0588,0.0023751421647392594
ck_df935d8bdd44883e,0.006170697549608233
ck_01eb24c18ad11fca,0.07519353322234719
ck_00d6730134a1eb51,0.03385248905999878
ck_79ba8e85678d0224,0.009674498572158546
ck_97e3b04a1350f6e4,0.018012970519626595
ck_74e9747954a46eaa,0.010752182019497647
ck_397d5fcc9972f909,0.3651744131874781
ck_9ede89e8a43c3f53,0.09103259318539537
ck_303b33910d67f306,0.010084554761104678
ck_3c17841636f6f7dc,0.006491064360071019
ck_78730527f8ba1438,0.6524190645077816
ck_5ee32bc6bb5d1d4c,0.03563309574311166
ck_a13fee8cd925d0dc,0.0027274884206397107
ck_6f847263379f2e43,0.26603464116864195
ck_9b9d9e579e7b55b2,0.05045393554172605
ck_87c1d0a79e79c84b,0.014683655501869968
ck_bfc453eabb472f91,0.004988658221365393
ck_978c21bb5fe3171e,0.10128851060885445
ck_dd882323474431d4,0.09156155035250373
ck_533c4f7400d5ab22,0.5521773497011857
ck_5f217bfe28954e75,0.9997535922274055
ck_ae96d35465b3b4bd,0.0003203804826444233
ck_512ebe97c0af94dd,0.045380637388343574
ck_f558fe02bb0219b8,0.011235506823466775
ck_84092e23d5ef4d51,0.029996286964528555
ck_17d3022ca12eacd7,0.005135187337161582
ck_8a8f81bf3558fd9c,0.016973998488202142
ck_0ada6fed1864e7c4,0.023511788167481742
ck_21fe7bc59dcd78fb,0.017410558814782373
ck_e136e20c1c74fe38,0.001537263152064889
ck_e7a530e09d113dd7,0.05880540196564291
ck_7cb0c9ded4d63027,0.16993201132719618
ck_102db9615e722c9e,0.13822070101029546
ck_129e39ddfde92eeb,0.002551902995793487
ck_d730ff21bfd7769d,0.010529798050665113
ck_54459b45d2be8459,8.109107760483761e-05
ck_7f1c20319eb60aa6,0.9994763139685963
ck_939fede90473e412,0.0055073842081441995
ck_e0f9506a6d5f4a1a,0.002653779494322632
ck_9a4967cdf49265cd,0.06393324877247304
ck_b9eaf03453ac7d5f,0.000867434109566615
ck_522477be6376b450,0.008914010267762972
ck_9b6282e3bad50710,0.025851641872557913
ck_a0e3a2facd508e49,0.115449154358957
ck_97ffae702f7c3d08,0.0012781792166659566
ck_344a95cb7115ec67,0.00018391798113044937
ck_1f2760764afa45e8,0.003213219670562557
ck_720cd658d11ea428,0.04310855954209107
ck_04e32ee9834c088d,0.45087866985301117
ck_2bb1389e5e72c8f4,0.004616405028453138
ck_961e7dbc217cfbbc,0.000780489728165034
ck_f3bce4eccfa6d6bb,0.0012227942089621097
ck_e0ccfa0d689339be,0.0026180800957112276
ck_98217aeafa0bfefd,0.0084335080351582
ck_a02aeec1914c158a,0.016740810717839418
ck_20a17e8f206a14c8,0.09621515219442413
ck_114c32aad4b6183f,0.14211642426059146
ck_79f5198f0decef20,0.0007956981498256642
ck_2209de229b4c71c5,0.018302781342609886
ck_6ee939b7f396975f,0.0016195662346170235
ck_202f0c14b07ace01,0.11518659443745914
ck_fa24db9d416ab904,0.0012884510004795866
ck_cf6aa24b92c4d33c,0.5579668856185508
ck_45f57fb8194cefc8,0.012637645360517901
ck_d5eb179dc45394c6,0.07401397601984319
ck_efb24be983342f75,0.012445616818253477
ck_245f5d62ead5ef28,0.004377000104694641
ck_15fe2a47fa7e92ea,0.0020465257873285817
ck_b6527a85fd682554,0.021829209972383877
ck_11f9390a11ce9ff5,0.03947891010315765
ck_ffb4d892c5158201,0.0004411677255776604
ck_d4c1da5a1427fd6a,0.05078263838525553
ck_2c041b1efb1c5063,0.0018657057512655594
ck_ecc18f40b33be769,0.19998123599061438
ck_0525349f3945375b,0.15285426208103578
ck_0bfe62e0c7eab9c9,0.016378884239958362
ck_b7c37d410b1646c2,0.009998058812607027
ck_4b15b0746318cf42,0.25151295254723205
ck_e5ee006ecd8ff661,0.1944919471262712
ck_ccc83cf66365357b,0.10391879424312782
ck_34a33ffe8339f66d,0.9322822551792094
ck_4e39e3b165edab58,0.9224191272877907
ck_1a71f8081ae00190,0.9558138005317132
ck_ed8f1200fc049c40,0.9928830672202125
ck_8a5a57858e8c77f3,0.007844212607674253
ck_fff9fdc2adf5100b,0.9787831714549626
ck_c76f1bf40f3b787b,0.0007245257797384024
ck_1a6ddfeef82b1b1a,0.0023586421952927687
ck_478d2667aa9896d9,0.002759834750566504
ck_641c8e7694b21f3b,0.03398224531377217
ck_293581d879f6663b,0.9856385707865394
ck_1bfa8abdb22be8f0,0.018026931959654165
ck_05ab5b03d0bf9ce4,0.2542288647346807
ck_35694db37f0cde7a,0.001250514838845161
ck_fe33eb743d714c03,0.017071017158593927
ck_abd10fbcbaf2b038,0.016773562099374282
ck_46d51648c1bf80e5,0.14479300284731256
ck_5c8390017fabfaef,0.004562078561489356
ck_87d55ca333f22072,0.0005642349823147047
ck_c39c6a1453e2b92c,0.00010812369758187845
ck_69ff1b0aa143a168,0.0008137272673098678
ck_e57c79eaab35ded7,0.003701747057997345
ck_463ae759e2b6ad1d,0.0035964519815238774
ck_0dae4a7eb587f3ba,0.01230223952236464
ck_9b12fb56529ebc4e,0.010489219533317475
ck_1af547077ba2dd03,0.0767845841866613
ck_de13de941bebc7cf,0.00028526550845872146
ck_83dde7da2bf647ac,0.0013803639506215076
ck_c80a94d4660041fe,0.060191211718182945
ck_f39cfeb277ef6528,0.0008259414448663595
ck_1cec1ed1512a2d3d,0.0017456216109335357
ck_7955a359b6448799,0.0004943262026904961
ck_8c0955dad13c3ca1,0.005701575488440381
ck_6d4cd2de601a2308,0.035365733913435206
ck_f4536ba8dd2d551d,0.026846137414330954
ck_b379c198d6db2d62,0.014467749798081525
ck_76ea90ebc74bcdc7,0.02578828116232769
ck_734f06bd4aa92781,0.09000898853206189
ck_677e1d0c14cbf569,0.0008815470026798215
ck_259271c70f3fbcbe,0.04218810669001529
ck_c0b744eb9e7d4eb7,0.01597664387988675
ck_3d41faeb96802f68,3.5811597528756875e-05
ck_8f604fa70fc3c8e3,0.005114896909897406
ck_0b3c3bea0e0ed339,0.00836473494700288
ck_be5df076b8a86409,0.0003152580880188994
ck_6a475fe324d7d790,0.01166409513665365
ck_3ba3fa5387bacee8,0.00023322491079303688
ck_324b9939d9c1c31e,0.004324872982134556
ck_a7fcf7b592f68ca1,0.10179504872222864
ck_5b2728f7cca414ae,3.3398757643140176e-05
ck_5f4a25ffd0b85a47,0.06852253606662602
ck_63d4f5076fe4406e,0.0013477707318638001
ck_af528d66c86f0cb8,0.002983612966327387
ck_ac7cdb9b8da7b5dd,0.004212717833726018
ck_3bece63711407e25,0.03619526536760467
ck_d4e0b2a12fcfc35e,0.005728727004424947
ck_ee3e7c9d3a9c74b4,0.10128490991718227
ck_50d7c4dab837bf66,0.002387632326442759
ck_ebcb93a2990fc914,0.05487869388210142
ck_2329cc9702cdf7a0,0.05687432509358172
ck_db1fa53d588bf99e,0.007971100481671548
ck_44e57a0bad5a0745,0.01820287077455153
ck_472c81a144f4631b,0.0006766612033036037
ck_1658429acd5306ba,0.005861476271500196
ck_466103ec5bd9444b,0.0025452393176756197
ck_9757163e25262b74,0.024036087284621827
ck_34ed59bc2c9b0186,0.006283520183236981
ck_b7bd3a7f263f4f29,0.028321196157118526
ck_149662b09d632e41,0.014539686701189516
ck_a9ffd6b3957bd41e,0.0077003090635453415
ck_ab80466ef615e85c,0.0006910156815718097
ck_f2c824d3473db24c,0.0022683956837579464
ck_a4a01fd45936b078,0.04170390591829535
ck_8f6ce158c2902877,0.0008304143792763383
ck_5189a302cfa7cefd,7.535340681306194e-05
ck_430a3d03be588201,0.014383870627805143
ck_b5f9dd00914b4db4,0.015201069329099936
ck_52dec82e9cf6135a,0.006257354454732689
ck_95e444a01e2ab4a5,0.022296471135986803
ck_e37cee7b123692af,0.017308705190678217
ck_d68d42858a55adff,0.0781290587942011
ck_3abfc010091d679d,0.025489882542479237
ck_cee4e4e1b62bf82f,0.014737589141898636
ck_9ccb17c35e636c5e,0.006330797751458059
ck_f72a5a3b0d6c1177,0.0019795835502414943
ck_7508aa554fae6afb,0.039379037806258836
ck_003aa842b7ca1d77,0.8063159196285927
ck_83b2b192f41ee2bc,0.26497041077583455
ck_64796b6b2c3c7f06,0.04164932138548075
ck_6438ae81d43cb196,0.006807684621381991
ck_2bd73d9098504760,0.21681031931624833
ck_aa8b9b36a099e4c8,0.05259917349140548
ck_e5ece47d0dd10526,0.014110537440264949
ck_16077ac345472e6a,0.006049668477096191
ck_a4d6e152b0076964,0.009476290304296423
ck_d90b1d03ae151f62,0.015570024718465619
ck_18b36d342b530af4,0.010978002032422692
ck_2a01e610348b84f8,0.0025645683314945286
ck_0a93ed76bf36c8b6,0.013653768023216247
ck_3d56b477fe2370b6,0.012577286604599438
ck_17ab3068fa303682,0.0051962634638070835
ck_592a3520d841d11b,0.023934330745520396
ck_84d07028b5fca2f6,0.02380098954287225
ck_f4a2bb10afa85743,0.01168713012838222
ck_4fe4b072f03f2c1e,0.0004325015475979456
ck_9ad08fcc183ea1e7,0.00258119334588452
ck_130d3848b9dcdb05,0.0037908709446691723
ck_bb399ed6bf28c230,0.038210839121077124
ck_a31a64a39a2c4941,0.00018283807282558326
ck_c49f25dfb39909cf,0.21635290424688303
ck_55f50a9ae2db8ff7,0.0119591381746968
ck_09faa4e771cf876b,0.013330256175397768
ck_df520a7a6e405889,0.016978462147593874
ck_8c8c98cc694ac900,0.008649061199769844
ck_7f0c4f609673ef62,0.003904687633017362
ck_f51fe59cd445d2cb,0.006785240089589901
ck_b3fb83f0d772a831,0.004358964884246936
ck_d6e7e257751c299b,0.0006954249680068136
ck_0d362ddb4a1cb6d4,0.06885453457008636
ck_a574a08edaf81781,0.0014686018698251298
ck_a823f5bcb0e4b9df,0.0023540784636801814
ck_f792586ad0381eac,0.014929324542373388
ck_54bfd70022c66983,0.0002884887060727776
ck_fe0a9372c9372de9,0.002073065343338356
ck_5691cd6fdb6d8147,0.0029652970484077357
ck_a95f212a02433d23,0.00021882916732145026
ck_f5adad75e1c06731,0.1482409364980049
ck_e09c97520eb0533c,0.03876772884540942
ck_a1e13c0d58560340,0.00179201735909855
ck_cacc2ca410cbe80b,0.010837035399909222
ck_c0dde2a6ef1e08c5,0.005230404335001816
ck_a04403073c90ce38,0.00010321092570795874
ck_03d3026107175dae,0.01863514042894846
ck_50176dae5b1b716d,0.005331822236784795
ck_6c084bfcb38e96c3,0.053766927923593104
ck_36d2be9012f7909e,0.04666331852688378
ck_958acf84c6137a22,0.008581614768799317
ck_114722e12db90a73,0.000704203853267426
ck_203c2a22c0c165ac,0.01559374683740957
ck_2c44ca550e5cfa82,0.0153978183925803
ck_df0a8f20ab8f14f4,0.0017862626984412446
ck_826a27ff7555192e,0.015113648428663872
ck_09a988ebcf062297,0.06414645206827055
ck_5c82444b3b9160ae,0.019204811009557607
ck_f6a4a7ed27fe76fc,0.04276936839884415
ck_17de46314b5c6a92,0.0010606425433570988
ck_335e63101b1e6c4c,0.08592347010729341
ck_c5eefc0697451de9,0.18556330864427045
ck_49a0efb5d4067b6f,0.22811682426827085
ck_c1f4509c8f5dac5c,0.0757141568223529
ck_57658eda1c59bc52,0.00012190200812451607
ck_0d5c0736ec76385a,0.0003342424016578385
ck_e0239e6ae30795a7,0.02242931730393312
ck_e4459115cd8e5e4f,0.032789236402204304
ck_bb4aec09d4968dda,0.046630453602266746
ck_a1b4c96faed3e0db,0.01121320848387339
ck_8247b79ac67aae7d,0.02508727234965906
ck_fe2fc7d6e5d83f09,0.002219646376082281
ck_f6aea576cde8d592,0.0003235853772248043
ck_b7e7f7d0cd886412,0.01716907305532242
ck_ca7b993e8286af7f,0.000827809714888381
ck_47de038381a9cd65,0.0014480078625451437
ck_d38f941d09eec820,0.0044108169814029
ck_d9ba2a6c0d926b4d,0.0005924223042432002
ck_cda72f597330d0f3,0.005286920543628207
ck_16d2d27fadeeacf7,0.0005890494232353142
ck_be05447853d423a9,0.0002442493282524189
ck_cd92852d7376a4a8,0.004446859620269298
ck_2faf7ecccc9fec58,0.00037876378966006835
ck_db8733fd92f20cd7,0.01354470045726327
ck_a9989a3a94c26634,0.024198628697626273
ck_957fb25437c75e41,0.08630887095327926
ck_e6a6caf6e7de17c2,0.009086318558995105
ck_f7bc569b37e8bdda,0.01892710882813561
ck_703b375dd86a6124,0.028038590299707296
ck_d3cfb3603f2c6ca3,0.0699448506110743
ck_07cb2b6f2a4303e1,0.043913913242632496
ck_31631e2028d4f855,0.06834452657392755
ck_1631bab0ba1256db,0.01914529365935464
ck_5fdafeaec036f016,0.0254003505771762
ck_6eda4c36aecad602,0.004436073625571996
ck_bd1bf9e3e29de281,0.12984953370466262
ck_bf378ea558a4125f,0.9468072259153685
ck_7aa2deeda0e57412,0.9996169778294068
ck_d229cf7f5a3f38ca,0.007708583511862532
ck_9e109edd124492a5,0.004842574141277736
ck_779491819995625d,0.23426699686256752
ck_b89c6fa2ad0a12f5,0.006468595312531193
ck_1d01b4a609918c4e,0.9698995502884609
ck_714c5d7cb17bc9f2,0.002744983007541974
ck_269f1746f2609ed4,0.0015374310925360673
ck_4be03a2aa62b93c7,0.0011961270235067631
ck_cf920313f6dd28fa,0.009814144273954824
ck_fb00aae4e17740c5,0.0029818919293084583
ck_085d8c42739e2b10,0.9997029630151748
ck_c72a7d0d03cf3e17,0.14479247531810474
ck_8f6ca5d3b17eac6e,0.0011458707351890897
ck_d9573100bbff4014,0.5124847745403281
ck_79d6793d1d0cf43c,2.2023143898621276e-05
ck_91fa5032f7aff0f1,0.08580015396774693
ck_87110d84872c0fed,0.017748788905885902
ck_8220da627e9992a5,0.0019636950073717865
ck_2ae44938847f3852,0.008448676204023469
ck_b0f191e44f9b6f35,0.0750647596765175
ck_3049d744b527f4d0,0.022645454391331234
ck_47d3e8d1dd3fbcef,0.009214214724753868
ck_ddf787359d2b5deb,0.0005351495185785137
ck_b27a9e39726b26d9,0.0034883928323422827
ck_80c4e9274cf976b6,0.9950828378491003
ck_c6afa913168ce8fa,0.012561437521499763
ck_52427b3f8478db19,0.011320083700008162
ck_3b810f15ca0eaa55,0.004768756486211681
ck_0c9e420f97baaa06,0.9670952830191584
ck_f8540cf3a8b2f8c9,0.0906791916750333
ck_1402d24dd623df72,0.008734334684613257
ck_eb4f4267e24d042c,0.0032255920754738114
ck_6f661b428d6fb8e4,0.009680975207829247
ck_519a26ecf3d29c90,0.008193904260550314
ck_e886ba71d4a6fd73,0.005191479579752335
ck_437f9ecd2016a1a8,0.005286631104482651
ck_f01af1b0c977cc06,0.002990601660383944
ck_614f777c2eb5d537,0.008528989211042427
ck_b804e784cde9af8b,0.0012932298845109292
ck_c2dccbc1b24b137b,0.14222240845771253
ck_1df4a1781a0f6999,0.017862109979451042
ck_bd2cdd53fca26171,0.0034356069652874597
ck_424c254249a109f0,0.004930902754578333
ck_cf2ca4f286e289ba,0.12248916775530228
ck_6c33cb15b0d8af54,0.01183260188264397
ck_311d395fa9b8550a,0.002724211544503387
ck_9f792e7e721ff7f1,0.004467796117035244
ck_4c37586080edb7fd,8.013351508093475e-05
ck_7c4f42c5397113b0,0.001945886240653676
ck_fc418f53ce4aa579,0.9885654864081097
ck_1ba28fb7ef726ce2,0.016459631323934805
ck_d932f98bf6b83956,0.07112637373387096
ck_248b3659a9239240,0.00822950053757821
ck_6a92cf5f4cf5de38,0.009900517927030542
ck_65519d0fb137e0c5,0.0073504513656045874
ck_ddc3fc99eaba2064,0.032399345110356984
ck_7310cda3bc65a73f,0.0008168472608604488
ck_c01c85bd631d4054,0.0047296266449034985
ck_b4954d16b9749829,0.038299259898716645
ck_f301f6758e170d66,0.007547468881005156
ck_9bf95f8c47e7c7b4,0.0012069356666386723
ck_c91b7fccf6aeb4a5,0.08024320976941568
ck_785fa45e86bc5e95,0.02551504601468655
ck_2a65f1cc23f1180e,0.00021935404789687717
ck_a49a2c1f881a3560,0.0017577683366856633
ck_def344d68f06d749,0.014682433534750492
ck_abbd1465fc730d78,0.004240280478269346
ck_07a5610ed28162fb,0.06311934348399713
ck_7ecdee2d7127be8b,0.034205346976433286
ck_67858bc00e81490d,0.00020498320278133518
ck_b4ad165ace910222,0.0023679307116121293
ck_30753ffe481a1b8c,0.6135897997204773
ck_c401a26725b17177,0.0005730358805624703
ck_819988d8a7f26415,0.0033154686953943894
ck_3364a1d9261b3638,0.0005489383303461873
ck_c484c5bda389bf20,3.9886914457315986e-05
ck_ae416325fef92c9d,0.9982655617545729
ck_5517b9a865960542,0.0015400950500087135
ck_a0e96fed380440b2,0.0049614396258340285
ck_e83409471d2b0b44,0.05540063128922861
ck_127273af97d7827d,0.004782146163686567
ck_aaa9861c91bd14dd,0.00744877986910814
ck_a378c58294001a36,0.9848778487659156
ck_abb9d65ff1f95b64,0.051680633881067084
ck_a5ecbefa849ae569,0.00872014000985779
ck_aa9953c0ca2bed7b,7.537444926463256e-05
ck_40bc6de252865f32,0.0013478259057707349
ck_9fb11688dcfe1513,0.017034757678037186
ck_ba68841ca2ba073d,0.018316329710132116
ck_1d3e561a7d20be0a,0.9955204668080372
ck_99a92d710a29c1d0,0.07516585038944228
ck_ede2e887697ffac0,0.001257582048683159
ck_e6de67c0d82a7b83,0.007927822745222513
ck_6b38763bf5ddbcef,0.03533872132966321
ck_8dd44eead7d765a5,0.059140493873082435
ck_30bf5b0056eea9e9,0.3182629403165461
ck_2981d16f8a51a8ed,0.08143243741916231
ck_fc60f42c68c7024f,0.031339690538739605
ck_8e2b2251ee224aa4,0.013544035563162044
ck_1906f0dfaf6e9bad,0.7886486100506416
ck_dcbe6814fc4ca0b4,0.10924827191785227
ck_f7e958a286ae3b57,0.008170531872345616
ck_713649668a7ca824,0.009474008614928848
ck_6f73cdbf9305e2ea,0.007557543023727118
ck_dd1c490050cd9051,0.010652337981771162
ck_e30db36e376606f7,0.05129898819731187
ck_740d8fe8028b5a2e,0.009930683821522977
ck_ebbc9418cd41f692,0.0009462866977694422
ck_7b3cc6cc3f250f39,0.025170172353265328
ck_1d30eef7110809e5,0.06920679254272115
ck_77e0589ab339ca66,0.013011113678844846
ck_15ccbf8ff7d14086,0.01993647021671159
ck_246989b0c288664f,0.02654103001285822
ck_fc2a6e27b10b10e9,0.00016326085449625246
ck_8afc1112c12f5402,0.030456709469969246
ck_a76e8d83b9141364,0.031757513065077146
ck_51d3e8dd7465c015,0.0016848357628905192
ck_e7b4016909405981,0.0005489629373112782
ck_e7a3cfb9bf908e80,0.01671424248615027
ck_2bb49dc2388cdc1e,0.0010440837569259782
ck_94f4266ee7871345,0.0011180870729748697
ck_b2c896beec146477,0.01630724248341087
ck_fcf5d4a4748cdd53,0.0010772629493678732
ck_fd0483639811f62e,0.26334870285386547
ck_9a21d183524734aa,0.019208479264845466
ck_1df4b46c0a4c317d,0.05418010463426179
ck_638df9e8a22dfe0b,0.04462138750921079
ck_65acc43a6dc3e65d,0.002586308005753885
ck_7c67b73196e3d0d9,0.03127517385710949
ck_b0ee3a98175b462d,0.001661519055150212
ck_20fad010969f1abf,0.0005071039848073619
ck_54b087bd873af8b8,0.0025690569094211817
ck_8007824431fa803b,0.006273705179210984
ck_23aab322810b9fec,0.009355573310671892
ck_c8001bdb9aafc8a6,0.005629118412688821
ck_3a34c3ac83cf84b3,0.03876370956840955
ck_60187ac2c473a662,0.9916311938421667
ck_6a0ccd7357979f0f,0.1735130833285299
ck_27f20337bef5ffe0,0.02374351949296013
ck_f9fc468915afe49c,0.14463251759549983
ck_1eabc15a94bd9009,0.009845773116179242
ck_26896c494b2768ef,0.03080602182145202
ck_348c874eaf0354f4,0.03007586802951421
ck_be9c46acd216b45d,0.009731215923280882
ck_a3cce46d15cc20a2,0.05297331519962091
ck_70804f60d9704128,0.07519428931546877
ck_a019151ca8e7527a,0.021606549169710998
ck_571133b2aa8ead51,0.038916744670782405
ck_0afa4449f20d5196,0.009318659713478603
ck_4d503c41cf4e5034,0.005469328269341648
ck_d6fb9cc5171e3e9b,0.9834530409683364
ck_05ed92a7c3e10e5d,0.01749219412684058
ck_bfb067986660afe3,0.26754549826269114
ck_c1a31690c8573226,0.004176493946587261
ck_cb88ef3dc1f42225,0.0012816427216517563
ck_21e3b3bd998745e5,0.08933788893064022
ck_cf52e46fa54e4540,0.001653707386440935
ck_b72c7ac4208052ab,0.004001778629429221
ck_e6465c56b337e6c2,0.0065639532572208245
ck_5f87eb05d18186c0,0.008674078801725434
ck_263f6c5ff26b5e98,0.0033617019988007634
ck_e0b7e2c0bbe228d9,0.002511788752060439
ck_b657ae3c146cb7bd,0.0020358692607273707
ck_abac514d8167ea58,0.006044074741090097
ck_024dcab126876002,0.021698490472309633
ck_5d8481e2b38bd99d,0.03370901120248549
ck_edf229c17d25dac1,0.5387791653485102
ck_6cb7c97b72d6b5d3,0.021872261123625985
ck_c96ae2c28086a059,0.01803804288460235
ck_2f241b97c0f8389e,0.014227169668154637
ck_9158bdbb63ee8987,0.015826515426209033
ck_e7b40b60786c1530,0.0008572906841475537
ck_66d38518f68e6194,0.0005315316516149421
ck_8c9b57ad2a991416,0.0024228407721755005
ck_cc91bd7152d3e9ba,0.010842718453142676
ck_0d846660c7957a88,0.004559476263602716
ck_60896cdac2212bea,0.0479817789259195
ck_dc4db8b932df49de,0.13083338349492663
ck_2dc31db181150e20,0.0002116245785421577
ck_2f138fce1171e277,0.0033081488946464445
ck_68b8b859a6ef505b,0.06989917886967119
ck_c3fe0c6c5e1f40f6,0.006395791776349242
ck_15886fe84866de92,0.028832847770514168
ck_ea269b35406473e8,0.0015004617962383515
ck_3ce7cad1f69b71d6,0.008872256109637827
ck_054ed4288ee58d6e,0.022134872704985174
ck_3d4913a86f207fee,0.036176593627199785
ck_23ff85f9d2355e8d,0.009234714609889824
ck_d87ab3261322216a,0.00012835333314232622
ck_fac046ce336fe39d,0.0005039298331500597
ck_beb97e498e6cf8e8,0.09010960071903228
ck_1f517e0ebf397b51,0.0011959299534408795
ck_0af57ebaa45877a1,0.0005774252800821605
ck_f99bc1732ce5e999,0.02971713425902108
ck_abb056a9deab275a,0.020979971155616707
ck_0bfc394c5faa65cb,0.06460861296447087
ck_ddc865af1dd5670e,0.013425995744200187
ck_68b5542459638b56,0.022638345926581618
ck_0b1d84252c0b46c2,0.004947736963289295
ck_520ec32c4f253604,0.06901763968898596
ck_79ffcfee599d77c7,0.020007232778168387
ck_eb224c0fd146253f,0.0134160087943582
ck_0e477084434da450,0.03746069810297952
ck_07840bba5570785b,0.024143203281649372
ck_6b67fe8e310ab865,0.028659373340922393
ck_e2a1068c2fa22525,0.06443636047254617
ck_b9c6b32f6bd92a3c,0.011005482753757819
ck_c1e7d1021ae58f00,0.00039285398647226653
ck_5d7801201749ffde,0.013502150779425329
ck_c8806749e263f70b,0.00012048922908090781
ck_c9eeab826781dc91,0.020001426723395836
ck_309a432c160a17b3,0.013084019823222721
ck_b22e3337b8e3dbb2,0.006526245924802614
ck_79c30169c71b8033,0.9888919004459005
ck_5a6593d954085775,0.0018999987669750947
ck_70b9b79ea1aacba8,0.03430404497340251
ck_63743141ffa11f45,0.014388528587759348
ck_dfd3dbd0d97a642b,0.001752842157860318
ck_635646a661f05b4a,0.008740739516314776
ck_4b123d6931b6d0d7,0.6577027360207385
ck_f2b0e7a47f442557,0.9639355712992539
ck_1b1df006b81d38ba,0.015160632964676724
ck_360237c1bd30f4bd,0.001909754055699125
ck_5e84bca0e362da20,0.02565989932930515
ck_142dba210ed2f3b5,0.030154619818168412
ck_a3564236069e3524,0.1329770033414865
ck_cf36d8b070ded782,0.010549905386929409
ck_ddd6625c5eddad70,0.0005275396030954597
ck_ad54292a0b2f44ef,0.004265466779674946
ck_45cd5ef6b359e9b4,0.0022904306531742525
ck_982c2392238b7be3,0.5889860618619341
ck_083e4ac78685c3bb,0.025254758421093558
ck_729cc0b46cc2e546,0.3246734348178734
ck_f2b8995fe5402759,0.0005097516390681808
ck_73e24f5a8da289b3,0.11802281533142207
ck_bd85f30c36f5998d,0.05451640903887077
ck_ee4ff3aeadf912c1,0.003844230654824725
ck_63d2978706e193d2,0.01239202730340768
ck_6a0684436a1e66c3,0.9296053778727906
ck_182dc4a2f5a366da,0.0010116517425674515
ck_e6fecb82fc2a82de,0.006612602692245283
ck_cfb06f07394dfe64,0.0006772863987360968
ck_7bbe1dc8add17ef0,0.01046256559331837
ck_5cacad76e02c8e3d,0.9755900067885678
ck_ca68dec0c7df5a12,0.009343678479271667
ck_e4c0fc52c82065d3,0.0038287055463842035
ck_f9197b070416f443,0.0024566133043136514
ck_2a07c7021b71cf65,0.02659916559399954
ck_4fa85cebf707de2c,0.0005243328368757041
ck_0063d2a9507467e5,0.004290239196709563
ck_ec986285fff05b7d,0.0004381134577332067
ck_279d43303708109b,0.011981936309099089
ck_a406bf11e48cf8c5,0.1321493366839334
ck_064b2aa3f0bfdb6e,0.0068447942493676086
ck_95790440bc4bd2d0,0.011339463504414664
ck_70066eea13b4c34f,0.00906409626507612
ck_19468fe07e26f992,0.9830005242742235
ck_86bfe328e0a533b9,0.9498738127130945
ck_ace3b96c977a7560,0.30475784824118307
ck_642344e5c652d8df,0.027179391311628994
ck_074be35c951ae10a,0.014711397889497612
ck_f14dce41036486a3,0.9988771433058797
ck_5cf67a3a747e684d,0.7744426517533208
ck_f7285b92648c1c81,0.0005881158961050372
ck_bef3193f124fca5c,0.29612769728153066
ck_05c4dcbb45de1f8d,0.002744478233759662
ck_d7c28eaa05bb7144,0.004360218987490343
ck_320df984791a1b99,0.0005749895085370403
ck_f45bad1606fa00a7,0.009846908294985754
ck_6f81c199e986d9fc,0.013938056243430103
ck_d0c9633fed57c344,0.03961001740640813
ck_a3c25d6cc7478068,0.004730720323035439
ck_4185506d12cf9fa0,0.00039853435201846454
ck_7a02ee1bfba7353b,0.003928895477944908
ck_1b52590757c0fbeb,0.0991895236179495
ck_a0e5656e1cf9cbf5,0.00016863042405025565
ck_ace21f6daef94f6e,0.007233709727959546
ck_646d8d0834782d6a,0.28361864078599514
ck_1f136a4476b5e775,0.038924339753487795
ck_325c7643cce02da3,0.1134799244636501
ck_9b5e7fe28208f5d1,0.0037900017377917026
ck_05d81b1a150f31c5,0.0004054284628816822
ck_0e9ec486bff403c5,0.009688967749585699
ck_ee13c091bc379188,0.017106975015636187
ck_f7a7f8f5903617c5,0.00425083931618259
ck_96c3a3517153390e,0.019886383758238153
ck_538dad7f096458ad,0.001341234059131557
ck_8758fc6622bbb7df,0.025793300262913738
ck_f7e53af3c91fec64,0.019027870248295952
ck_80b50fad7f255e1d,0.006417513714411442
ck_9645e7adc08631b5,0.005937134497783771
ck_e007aedbf37d6ec7,0.014734961668961684
ck_2951d76c41de2569,0.08582693271398326
ck_9439bff87e616d4a,0.025466995622644175
ck_a73045e96af0e4fe,0.024128268086592294
ck_7b382e533e2e925a,0.10263472010233644
ck_730226c2d216cacc,0.006360715940870523
ck_bdf837d761a7cec2,0.6868223843856219
ck_0b34197335ba3341,0.031191138443249944
ck_49170c4b31a20f5c,0.0005034486513076312
ck_cd553ba6589d8bfd,0.007827702935525921
ck_56b992c6f136fa5e,0.03581941294305468
ck_8beae3d7328fa41a,0.04432906308769189
ck_1a065ea906ae3d6a,0.0009119873538998282
ck_e9e3381d5e0e5051,0.0010808520804965877
ck_a6d4f998dadc90c2,0.9846447804958641
ck_d36733da917115a6,0.0240722653088179
ck_e738e920bbd74a7d,0.005253872899468675
ck_af65eb885a51048d,0.0005696151736158884
ck_73f4eb09af29b1c0,0.07541956283605189
ck_8fc641b1750a2542,0.1644707954878305
ck_41b954c7a948c060,0.004295669062511278
ck_25fc3010e8a0f6d7,0.005924246904938999
ck_a2624e0387974e0e,0.12412602684079298
ck_5cb9d7b2329d5ab6,0.008786674740385532
ck_6c83aa1d100a7cd8,0.08985917827109036
ck_67025c64588abd1e,0.00466453838478258
ck_f5dde68f6f0468e1,0.00018567967617220065
ck_46bfb2cfc29a6d2e,0.01135590690015449
ck_49dddb894d33f6db,0.019815917193345897
ck_f738b633b8862d18,0.00016938717715017524
ck_3d6c3c00d854f5a4,0.5713041941532717
ck_cdb8061d8d1a6c5f,0.002055613437819752
ck_5e1b81848718bdc3,0.019282530632463553
ck_8def763034187436,0.08963581012001964
ck_8f8e4fb9c6190272,0.007890340716923239
ck_368b968b5f33431e,0.0041495223463380295
ck_ba7e347251ea399b,0.05771227810749771
ck_9075432001a64e75,0.0038624334518098666
ck_73c5371635aca173,0.9513703415917817
ck_81793387b38047cc,0.009517462105137651
ck_0cf220816e320ac5,0.000355943240501219
ck_820219bb9c761b52,0.5896952099443324
ck_70a932ab39d86a24,3.773742016964891e-05
ck_2c4be237a7ed79c7,0.0012991798488360836
ck_acc764b49ef02826,0.31676569614578076
ck_74c3c3452e4e7cce,0.0014117644565838617
ck_34dfb57e5bf31d2f,0.027581761047976848
ck_6ec39903f765956d,0.08617275634270963
ck_5986119e7d81e831,0.020367329536014188
ck_2ddfc948b8eac752,0.4982289027653204
ck_921ff5ceaf40a968,0.004690217066455481
ck_fb3b68b4424b5f92,0.17572357642841632
ck_c3db1b3ad4f16679,0.001204684441728977
ck_124a197be41687f5,0.01096875181675616
ck_c58d9151834f5bad,0.0030820502131419336
ck_389607982eb6b701,0.5580553277241129
ck_fb0c138c003e933a,9.685820680853983e-05
ck_50d0bb7edd8c69c0,0.07338079311400672
ck_c6cb651149dc9a8a,0.008723000671180293
ck_81e21354e477eceb,0.05154587362828873
ck_7696e38b3e4197b0,0.00032893258431193736
ck_586001d3ed9e7fbc,0.0017558448200918793
ck_bba413492dc46f2a,0.01090178791480006
ck_95b894380ad2702a,0.013250517915736693
ck_277621473369614f,0.9995152854313389
ck_a50621b5eeca84b4,0.0008601300456325141
ck_bfa7ba218b988cde,0.0642137892070688
ck_5ea89567dfe78e4b,0.003470784156253668
ck_6c679602a6476ab2,0.006154139392248296
ck_d3885e286b3b11d2,0.09901604154077492
ck_cdcf6671b37c9c92,0.021111325864867497
ck_b5c93e6d34f8d366,0.0021265519897808016
ck_c24f61925dc158d5,0.1510856645411567
ck_cd09375e6c81d2c4,0.06779946613809597
ck_a95afc7a00303a26,0.01186692633236782
ck_8e89ca8b39f3f8ad,0.004002099233889435
ck_9a84b396aada3fa8,0.23912031995596494
ck_5124a2e415384945,0.05101210955756452
ck_d66bb1f063357f99,0.0028782682167818093
ck_0fd9312411b0ac55,0.015098118756337469
ck_ad8cbe6e27e47ede,0.012060921583091206
ck_8398adeaf41f9cae,0.02502498392350473
ck_dcf851e7bb5855d0,0.0008543345046954608
ck_9affb0f26776b642,0.0018522239820159278
ck_f0424b3b36bdbef0,0.07990506067217461
ck_66746d1090d6d9e9,0.0003343521216518004
ck_e5f8c8a5824db594,0.02689316327954489
ck_3e91dcc209431984,0.029384128923489596
ck_126a82e8d42e5ce6,0.0017393030614771758
ck_38e4a74ab256e2eb,0.0070175441946254595
ck_1225a97fc413a419,0.10559081855140032
ck_9b5ec0f78e160e65,0.003062881667295967
ck_7c5529bcc079600b,0.02788200158588721
ck_29640fc2fe81c251,0.03841252278421238
ck_160e9ba0a3f7c1fd,0.003680773926352486
ck_bff090cb4ab76b9f,0.006871733304558709
ck_aa06ed358e43db69,0.06357324120203806
ck_7264486eb512d84a,0.004784128120168897
ck_f5a32e6160b28379,0.042674471412175896
ck_4ba8bec14c2217e1,0.0013839701039587982
ck_610815786d729d2f,0.016319319717908332
ck_e267999226b6321b,0.0006831495148149482
ck_f3996a3c8eea1ea0,0.003981137915237483
ck_e9b75ed7567a3f23,0.01626680730248944
ck_d21612d48bb4f7b8,0.01273827985233399
ck_1f871df76c6a995b,0.03699967444071776
ck_953bd5de48ccd70f,0.9260458770241151
ck_02a9104419a6dbaf,0.007897957007999931
ck_1eeeee651e05d535,0.05922193081514179
ck_e2ab04136a442a98,0.0065195045445845794
ck_f0d806624ef3d359,0.012796950340291848
ck_4b68b38c1b3326a3,0.007425540975766443
ck_74e60495f8861156,0.06338201911644309
ck_398f3f4cf05c721b,0.002211760318207926
ck_f761b7650a0c1a85,0.02091554694812253
ck_7dadef33f5e2d94f,0.9987167133938919
ck_6ff6883633b8c7ba,0.0004987258589100595
ck_4d2159603045109e,0.004078804638942688
ck_a38bd07a5fac5c9a,0.004736157991034272
ck_f517f06551e69507,0.011670663714852463
ck_a7ea00a1760ad561,0.9964129034415276
ck_31fc51d5a3dfe16a,0.045665479568820076
ck_bac5233623b25ca4,0.024374217185697676
ck_385188ab27784fe3,0.120136001873687
ck_9947a323bab5cacd,0.22018430505013095
ck_7973edc9f22ee7b6,0.03919622142846495
ck_f97c477986043755,0.0030167045043564614
ck_1a3fd2cc4b4de196,0.017634450692067302
ck_e18ac29ea62cb435,0.03039308210985414
ck_9720a472a3e0140c,0.003541514639718316
ck_668c7fc7d7e47c0e,0.09669519593386905
ck_214af0806470ef48,0.0062206129675129555
ck_a46c1773f01f0be7,0.17838814998572353
ck_f2bdcfb4203ffdee,0.10911519137206808
ck_40e84e6ffe788a4c,0.0332488921848518
ck_dfc6f5712d8d6678,0.03016502563350241
ck_01ef1036b2e66a4b,0.01989514680740047
ck_3acfec10eec32f9c,0.00660983698545219
ck_084a85145c15ed77,0.0024233719077266496
ck_fcdb4fe2f095fba1,0.4050138282521757
ck_023908db0a193076,0.4049863066281333
ck_fec0ff92fd622253,0.006167922499805781
ck_c009c97d5fafbced,0.44897725083211165
ck_eb9f0c06ee017ee5,0.007318270986700877
ck_d7792b429620fc24,0.001930481472453078
ck_5e9e149a3b69c726,0.054276518137144424
ck_ce927322ef8f651c,0.012679977857599323
ck_b8fd61a8e82bce32,0.9904610578239639
ck_9aafc33fba1474cb,8.453137966487688e-05
ck_ce81ff9b8b35562f,0.020384684263645786
ck_25bfca1d8eaa152d,0.0007466910411249227
ck_170c65860e2a7e23,0.0010866483083166625
ck_952da7ca9f33decb,0.026314650743607698
ck_1ebd574406235957,0.006589351524359165
ck_589109a188adc2c1,0.0031855848035514923
ck_f0cbd5383bb07778,0.04534846896130638
ck_242521e261148fba,0.003821735443786563
ck_509cece86a558de4,0.016635482299438547
ck_0dd7c5925d28755c,0.015663336591639723
ck_a7e669cf1c3985aa,0.007063537009018933
ck_acb84dc2351eeb76,0.0016407636037719055
ck_b837c7dac2a9b931,0.09256080763323436
ck_18eb1f9181f95df4,0.0023098184164116577
ck_b0b9047dddb1ec84,0.5244883378126949
ck_43aa136bdb0a2832,0.2733387823907516
ck_3e47f8c56c811700,0.029972313399951146
ck_77c587d24695ea15,0.045335565704055995
ck_20578ac693ea4e93,0.004178072314504482
ck_b9f6040eebd1605f,0.16806668629074786
ck_ca9d86f65cfdf018,0.015080191343075729
ck_a4fa8833995c716a,0.020009634899962447
ck_f589f1e29301b5fd,0.006164159415658471
ck_961ddb8ff55d868e,0.004586852602445131
ck_5662492a54e6688b,0.15035724982131807
ck_ad48826c1c26eb78,0.08744836797443582
ck_621c9ddde6bf2eca,0.02257369595756458
ck_417a3500b2c717b3,0.12139638575298314
ck_c7e129058beb3ac1,0.01610435345155227
ck_ec1c902b9b9b9c5f,0.16046204271228745
ck_317360ec0a67d27e,0.11117104494609611
ck_3e3ea5d8c4a229dc,0.15577969620884669
ck_d11d27de7bf0b973,0.6732072431086507
ck_d37d56e931105db0,0.004580757176965816
ck_4863077723cd6ce1,0.00025926127920857883
ck_479a065d5903e9c3,0.001176196435679478
ck_e66ae4fd586fedea,0.01725827725216674
ck_192bbfd0d5720134,0.010991239586617515
ck_3b436cb29af99f3d,0.022754003305306997
ck_7c7ca54969eed187,0.03372351782463935
ck_826ee896c9f1144d,0.2474715820554771
ck_ba1f6dd43fc8a0b1,0.014904595075687218
ck_49685deb63e4e8f8,0.030360053298043935
ck_687ab5d5554bfa79,0.031414183462527966
ck_41346ccd9242cc8f,0.0007275165608677417
ck_8f8e5e2b9dfec3d1,0.03385618446676979
ck_94d5ce61a0c50465,0.02726386836573384
ck_6b954c75aad8c012,0.06941790194574116
ck_748af92828c9d288,0.00043832672391955516
ck_dddd14091ce812c2,0.006644452661675076
ck_723323f6870fab59,0.03907452482462182
ck_dbdf8d0708cc6718,0.002239176124827563
ck_f04938570a154de3,0.0032737858055304717
ck_58afa1550b3b5294,0.02339635478785913
ck_3b150afde386ecff,0.012201428216647426
ck_666b95e75d99ec4e,0.9017065750181006
ck_e00332597cf1eb24,0.006553961340558781
ck_9a9e3dac79280d7f,0.3618410605100577
ck_e8d37262e859d9a1,0.0037816469054976253
ck_895bb39d24bc1c4c,0.0004670514339380737
ck_b367449195e36499,0.012658467884802757
ck_d23f9a50d1135ce1,0.17690764017071764
ck_670dc4910cf476c2,0.00032894472368076973
ck_3ecd8a5ce65e21ca,0.0006865728896496315
ck_8584fea2df4c6317,0.03748274659302833
ck_0789ff4562202b20,0.017129856301650436
ck_749e0e50c3907be8,0.0008256895663921207
ck_c3ff6790cc6d7e34,0.00321920715790573
ck_75fb7e56432ee4b2,0.0005790315798829343
ck_529fc3170fd11abd,0.20237199175415058
ck_34a69b3b4a681796,0.28848935156061234
ck_255f0e5888ae9e23,0.06819587318348759
ck_65be698386474170,0.00016490223470728448
ck_5eec9ed855c26000,0.00022896788778469475
ck_5ab39bdc9610f6f3,0.4023687177482836
ck_1b5b75762f033462,0.04950168571266559
ck_d3e208671cf37f91,0.9891161313911354
ck_5068ee554ceff971,0.05513717206193108
ck_d7d50fb57fcb2d0e,0.0004827145175896885
ck_ba6e1115fceaa067,0.006224964581356189
ck_d07bfb16a4a7dac0,0.9681455712717157
ck_ead68310311690c8,0.9659945871071629
ck_ee53ce862bc9c111,0.01087885944373433
ck_97e56e6037024dff,0.0005471779763086614
ck_80b04344c98ec072,0.03178772861526427
ck_5954f45a2ab45f43,0.10755285752605628
ck_18ddf7e836256e3b,0.052955704045591794
ck_89a1a780144d808b,0.008704391038193347
ck_a7331e8b808c39aa,0.11745734392520966
ck_a1fd0ad03ff9b776,0.015600487937016743
ck_c0cf50eef030b401,0.0010882828598039983
ck_074f20921189e7d6,0.0006810873422787353
ck_e2aa7be60794593d,0.41596713251483486
ck_72771757dfb7f7a8,0.015580511107658514
ck_a9cd84a6dddfe584,0.08107724149690597
ck_142c00f9f8557504,0.011101597837105303
ck_221b5d40358230f4,0.045395826376580184
ck_a2d7a563f520b7ea,0.003735863735057638
ck_66cd34bc568d95e0,0.008934145978361039
ck_a17128972d3e507d,0.004511374885477742
ck_bda299466bb2136e,0.0035584730373143646
ck_2b699066665abe8a,0.02630674599147423
ck_0ac9848bd4ba0c14,0.00045615428399986536
ck_98d2f9a6ba3a3077,0.9137688950399001
ck_a872df31b28a5f7f,0.16441285185879792
ck_7e73e1d44ce82ed9,0.003154237160783357
ck_1a415416f620d49d,0.0019399903468759999
ck_c95c786d2f8b8edc,0.003224045755161053
ck_e45012f22b7f91d5,0.004066210105659178
ck_aa0b083e2a6813eb,0.01629507063935992
ck_4666232ddbf77756,0.0024766436334416647
ck_e08e9c8ec5f23d8b,0.02725985775962438
ck_31d4c0518e5f52c6,0.004364797078144166
ck_c1ab40638f04cb02,0.002640278633202307
ck_4c1fdd1669c7cf51,0.0033234899834347566
ck_11662cc7940ffc82,0.13315606546728403
ck_2e679af24adedac8,0.002015777587915982
ck_454b9e21b7f25a4c,0.0009019434847207107
ck_355c4f29089731e8,0.9868379484052927
ck_507e40760a24d2d5,0.053200888176832564
ck_0943e0f305078e34,0.9988168605798886
ck_abc54ed7111e9ed1,0.001943639173047144
ck_a60fe02fc04407a9,0.12675547839388648
ck_244b897bb4d57c1f,0.020238436954238784
ck_8c84fcde93a04334,0.2359663873485231
ck_9eea37d2de633b27,0.007152343824139634
ck_b2cb9e6610eca967,0.008460259815645254
ck_09aadb4c41b166f1,0.18364468732401004
ck_8d94fbb4828ef326,0.008208574949302503
ck_089e3a07abbe3b8f,0.006248797782354799
ck_dfee9de05e3971cf,0.010182026088593442
ck_6abf8302ce052451,0.021191915314387095
ck_6ffa90143838a4a2,0.007271691529010221
ck_325caeab5c7a9c3a,0.007207421197157259
ck_1964ee9db929a173,0.9586027377360005
ck_942b95988a6245a6,0.2455640905767304
ck_913ecdeeb8e21a9c,0.000363441451327761
ck_ecf9794349eb4b3b,0.03321008487366924
ck_b6cb8d6ae828eed1,0.09142273811492364
ck_2f82ea66c4f53b33,0.28215747261683677
ck_6e676daa4855b58f,0.06720992942160038
ck_2a37fef48b44e9c8,0.0166221690558756
ck_3bd12d468fdc2450,0.015509693563110603
ck_1a28b6a40a6bd3b4,0.10266094084812317
ck_61b79dec96d15713,0.0007294197417035842
ck_31d5e3daced93d3c,0.010925658069147083
ck_e6c8611c0cf233d7,0.005906607414398293
ck_f04761b4a937ac3b,0.006736512301366699
ck_38c1c75cf055031b,0.041570776012855366
ck_59a561f3df01441a,0.0197475550078139
ck_04e40f556a5062ef,0.0001895051031957997
ck_8409716d174635b6,0.008803525133808958
ck_3019afee83342701,0.10732771490130937
ck_b51a58e7f032c9a8,0.022707449144785206
ck_5043e474f848346d,0.027074628379056952
ck_4388abce33ecd01b,0.42378568323508015
ck_c93def7392f0aff5,0.03188536664871128
ck_72e7b1acc19df820,0.002405340041790039
ck_f253130dc3ca5b3c,0.0021127621316959122
ck_eb264d1b180d4b4c,0.05607136009315953
ck_c2504f5a113433ee,0.00023884281965837165
ck_c16ab1e4dafb4910,0.27216185093616646
ck_4bc42878fa180991,0.03711985958205525
ck_1c771a7c78f6622c,0.018086543598601585
ck_d523f0e50a2747ad,0.0019452878732520926
ck_9060f4e7ab7a1b0c,0.048460035419127453
ck_6b55ec4e87a5e22c,0.3004492118083814
ck_55fc62a5f89a7251,0.005124548232780468
ck_bd2545c62f258231,0.09236149932179062
ck_1ccdc69d0bb712b4,0.047085319318196005
ck_710f867a3bd5898c,0.0009312107839818265
ck_f91d48c40337d375,0.0017081349242079706
ck_f76d929541ed41dd,0.01021227174951425
ck_e26a6659c237b650,0.05348173076769684
ck_184983177b73dea5,0.0058263763350086045
ck_6d0d081bfa8a0022,0.013022633081600357
ck_2f6e64f638da0f97,0.00017717783947125994
ck_15b93103ccd38609,0.00516381326891917
ck_094d10439b7b4eac,0.00555161956820143
ck_d2ca47180a926ba2,0.016380320476214925
ck_a69ca7b9d70972bb,0.01395801361413858
ck_68914e67343a7d32,0.008637307522317799
ck_8176616132458c0f,0.029623071659307148
ck_eee99af3598311b8,0.039972083062534594
ck_94410eedfca91304,0.11447232645155454
ck_cfb11a0a2325bff5,0.015951740276905334
ck_75217ee144b715f8,0.09345329804084174
ck_d56fc799542299b8,0.0011748562511619506
ck_4c352dd3e7c81269,0.05515536530725128
ck_e23e50e02cb3904d,0.05045543810155364
ck_b921af37d500e139,0.016766962918625408
ck_82181b935360dcbc,0.9960288774024839
ck_22a7cf3b99c5e5fd,0.0487658166578933
ck_f67ee7910d532216,0.005630164024055474
ck_5f48762a14a0326f,0.0025881412277106845
ck_1757fcb0e6e3f88e,0.08089909636281521
ck_2c2f080ba185016e,0.07840232152048371
ck_4c25570eb72711b8,0.005453006038543449
ck_a3be871ca22ac416,0.008967115352722918
ck_ab70961e7c6695b2,0.018005822281189573
ck_a1cdebfc42a52448,0.0036039979614571876
ck_f1b80b821a20186d,0.03751142331511091
ck_ae668e4564cd2aa1,0.013801061223464976
ck_0e2bc3a5afa439d8,0.06406172966659957
ck_3dc378f37d0b74b8,0.026272246679463578
ck_9f9555197480d1cd,0.009053622846316035
ck_bf4e7d48770a4a8b,0.0863333097943563
ck_614ef655f0685060,0.0005288438250330179
ck_04d2ea38ee27770f,0.00012780668100795904
ck_e03a9d8ac94161d5,0.008262067474916496
ck_d4007b5b26d9d854,0.0009293301237825474
ck_2dd147ce6d61749f,0.05769884037460877
ck_ff45764ea7d6619f,0.04328109812520273
ck_dbc487cb0a6c18da,0.9943055531100451
ck_791d5392bbd80447,0.0025371176403496502
ck_b4068439c413b150,0.02487319299648287
ck_85df7b7de9700aba,0.001604233969381898
ck_001e42551cd06e40,0.0024752762677353367
ck_a6c02ae50932cd9d,0.04345490869327098
ck_9fd0be2c018ff5e4,0.03413651319981443
ck_32a495128395fde5,0.003695584882305011
ck_b6f2a2fd232c141b,0.04165400943033351
ck_28dde633692904b0,0.3302267359336817
ck_a1a93c5f375f6021,0.008691086546347607
ck_e3982142336782df,0.02932151618290509
ck_a9812ff3c111ea94,0.026179232674683674
ck_f04062216f95fa00,0.03856028454815591
ck_7c560467daca735f,0.00010366407980091887
ck_76ee10d6e2dba70f,0.05221045324510116
ck_3521243bdac61178,0.005965833186579149
ck_28588fb03b320520,0.032573942810014835
ck_580dcec33ec232b8,0.012142890979405784
ck_7109923fd7dab20a,0.003823822731417353
ck_7c872c99481c1e9e,0.019171618396647983
ck_46f4e1f5026f4d1b,0.00012263795456660137
ck_00d1ebc31ec4653c,0.004724965856362676
ck_aac70764dde15168,0.008143409921136132
ck_648c03f9aa4e45f1,0.07969757692869739
ck_5478eb69ef912785,0.25522229357660325
ck_79b8523137bb2603,0.06486242285676884
ck_795c49f312640019,1.689214068238593e-05
ck_89184bf7b7fe41cd,0.26000338482013097
ck_97d4bd922996fa10,0.0029572985342991988
ck_1cef30d08f3a598d,0.001787102423682376
ck_2f9fd36a4a40a6a8,0.001196514826673321
ck_40780fc0f8d6f309,0.005979169471452372
ck_9083ca9fec2a7f4c,0.0027184680786394447
ck_62081bc35aa59931,0.05917338645105324
ck_2e1b46c5fc56b863,0.18780250019914427
ck_3d139692c51b604a,0.23382788313816688
ck_b5e54e22e3d6960a,0.0025697859533650503
ck_c0c4be3f44311b04,0.0018245211348149693
ck_82a8bdd2692c2a5e,0.000446661899691189
ck_bdd2da300b530c5a,0.010856644675164286
ck_ee40498cd97183d3,0.00186264699531503
ck_70b9274473bd6dfe,0.00021084729290607787
ck_473d6314ea614b29,0.007606878759622462
ck_7443d6dca8cd1352,0.0027271514102518335
ck_3b49768b448b071e,0.04351076406818427
ck_b43f04431c267dea,0.0029340123013321057
ck_4424a5223ba2fe00,0.022139365413785486
ck_819bf3e8231f4081,0.002688170054165575
ck_91d417507a8c58cb,0.2776301154864852
ck_e88e86b19cada4aa,0.010506655373764176
ck_59684167f9c6bf4c,0.1825703483859879
ck_d5f5b0dc97b9dc27,0.04907439387821667
ck_13d1b192bbff8f32,0.017791864829728603
ck_b21d8630387cabce,0.0007258158669366876
ck_e4ac22046699b99f,0.0055886031897840185
ck_74b848064f2ff45d,0.006451967486803869
ck_166aa980cc87fa77,0.38368404413162405
ck_98e337806104dd88,0.0004815411456737197
ck_66eb09be007f0755,0.004000968310592734
ck_3ec9b9d8dd7be11c,0.030275052624350363
ck_8b8b9de339d75d0b,0.060753575390477
ck_6715139e240007d9,0.0015672571487739123
ck_a0255ab46e122d2f,0.00053281285374444
ck_66e81a4190c33510,0.001783655579272899
ck_5d75ea4f5c9080bc,0.9335236501293454
ck_df69858b8a8b3165,0.0040726758532177955
ck_e15252ebd7553422,0.00014990205531388294
ck_34d6d74bb3ed11e5,0.027754995967638148
ck_c2608f78f6851d10,0.2129619779376206
ck_bb99071e8f58c8a4,0.2711058406802082
ck_06010f0df5b7cef8,0.020965655302004126
ck_8c582eb0f6c0148c,0.05207723919545326
ck_0034d010d28aea78,0.004088039336569389
ck_01c1f06692566ca1,0.01285333659512982
ck_4807726e797fb893,0.031535980861199416
ck_edc9668282e3c8cb,0.007541322920774515
ck_5486768475af7bb5,0.9874228551311904
ck_3fb9813849e51837,0.010542153788324444
ck_861af5a9a9a6d619,0.011169126232071634
ck_da39653add0f1109,0.0003991609661126604
ck_74a4244eb1f162e4,0.0005564028401139359
ck_9a930faade55b8ea,0.0033719966138476497
ck_fb6e06ca88519dcd,0.019105628280027705
ck_9776cd8263a9f415,0.012170183925921306
ck_b3dd1198ac5aea73,0.04687530245681385
ck_b6675a04df1a4276,0.00027635731541228003
ck_5c7ad6e731b69333,0.5565859828219166
ck_28dc0fdbaec00580,0.06038378780889067
ck_8e7a32f7e3905f4e,0.07108187474224409
ck_8563fed6674afc77,0.03092770245383962
ck_9a2fcccb82da663e,0.03683285551250391
ck_6a519bdac0d94527,0.0007856545160407627
ck_a0dab7aa9c4a39a9,0.03697944088956879
ck_a3ce05e9e5e32142,0.023661885133962904
ck_7a7e40ee3f97c035,0.03851965943197892
ck_9e9a830785112a73,0.014844531389546462
ck_ab1bb02f6b189304,0.4175480061836202
ck_7b8cb0f90fbdc8c6,0.0013758945593264817
ck_b138fc249e659e60,0.009881460226123493
ck_e73caa3771ec5e0f,0.006110434086414836
ck_18a55b06ccccd88b,0.04306703152238915
ck_fdcb1d9265d8fec1,0.020551286703627793
ck_e21a900556b382ad,0.005179289979846676
ck_c6bf67470f526771,0.026318599279140167
ck_b568ba3837afb39a,0.0005974387942041676
ck_a2858979dd5645ef,0.002635030210347545
ck_1da9d40837ebaa57,0.025661682546136513
ck_9341c7959543c542,0.0021098140075629123
ck_c8ad86806b9a2369,0.15615510225106677
ck_5c85d93ecfed4b0e,0.00116695744870964
ck_f07b09879d697b82,0.001495626419895132
ck_fe43da07608b1749,0.034176886319261024
ck_4bca22b5926b9c28,0.0007546950047283243
ck_aba573aa942b1d41,0.0008787960320450877
ck_57c14e32fa4683bf,0.0004639842248502767
ck_891530b489ce402b,0.010917583292259904
ck_5e74fdadb93ff293,0.007019196429419435
ck_14436a409ebcc90f,0.005287447857570725
ck_00013fdfa0bd37dd,0.003313055335380046
ck_7dbe24ba01316775,0.17057723105722034
ck_0e3f80c1553c591b,0.0022151728155698235
ck_3edc45db58760d76,0.0008725476574129318
ck_29076a13f539187a,0.13773044182128516
ck_b1e81b58b9a545ce,0.06019989156359519
ck_3f8571d4f7420b2a,0.2507893033939165
ck_7dff6abe4bd644dd,0.7406663854625668
ck_2884bab237af16b7,0.008696188079350513
ck_231e6dd1fe708000,0.0010915554749130526
ck_33ecaa7b892e73df,0.004853358643492724
ck_b109ec4c63503030,0.0005499770735203753
ck_a7f522382509cef1,0.009051998371855458
ck_748b3ea941d8b3b9,0.003791093110056478
ck_29f3a1737a2d9634,0.01775517712623168
ck_cee8d42475a0f020,0.0008363121842910444
ck_c6b6ebe145a8ffab,0.002629548437330156
ck_21c99e1d6b881894,0.001446365666798505
ck_5ad798286384484e,0.010744386811002371
ck_b621b6ffcc7f4848,0.0013835171914991717
ck_ea819e337233475c,0.6029179003587781
ck_9e3896c2668ce06b,0.016347718864751993
ck_501dcf1ead036d2b,0.02089730273893581
ck_8d5eda29a2cffa3c,0.015873625871513017
ck_4d3aa36ff83f1132,0.8183971396246772
ck_8e9faf94e3e6c757,0.0006266308033988274
ck_ce0ec41f96951048,0.01089617040503741
ck_f09165d73ee903b1,0.008015985189571872
ck_a432b1bf1d3b3d5e,0.7562161419823361
ck_ea618f720ff0b4b0,0.010870970901627358
ck_7584e7bd755cb28a,0.008319945309676745
ck_e14681aad43e1a72,0.07358538638323443
ck_5e18870d8e30e379,0.010799774201139234
ck_ff7c26a62bda8089,0.00025189974977018315
ck_cc5a35175d381d5a,0.010087793852969228
ck_3c25029e40aa8a84,0.005042836482010011
ck_771247b5bc16c12a,0.0005955846779055018
ck_664b5e02759f985a,0.003154571077180086
ck_692a9e8f504b9762,0.0003957325117111164
ck_df8ad2deb0a4ffed,0.027364548857892093
ck_eb48c0bcd12ea654,0.004631602327221314
ck_7c77e597c951cdad,0.007999306039883435
ck_4f75144c6f3b13ad,0.019695514105725443
ck_1bcff399166d7c43,0.009842910265056815
ck_975c2aa3d4a8c51a,0.0037141948742486688
ck_bc6f07b06aaa4ce3,0.19087460373840218
ck_80b072b7f3c7e8e5,0.005893959771193528
ck_471e4018a23b4e56,0.000286633604074237
ck_53cddfba570b4a3b,0.02149818979127442
ck_630530e50764f229,0.006385144991786841
ck_dcef7887a4f1e435,0.060610745816837036
ck_2795921a055643f6,0.006797632462963158
ck_7456df89f3792235,0.005003309933262654
ck_5014a3b07e1f049f,0.667906013119566
ck_d4ec44760cbe03f4,0.023259153585390685
ck_96810ad39d4cb7b0,0.026109721698720417
ck_3222ea25aa29bfa6,0.0006343348390936729
ck_f6c42001b84a10cb,0.2778690057688562
ck_5ac86682385c86b8,0.00531959419579244
ck_4280c33af57eb4f4,0.0022111088718422107
ck_05f79ddd8eefaa56,0.007716665432056548
ck_3a57a13ce032a6fe,0.002585732667717599
ck_a721f0d635fad68a,0.012387387248173403
ck_a3f821bdf408c326,0.012880991553541471
ck_0ada63008be5685a,0.024362274384777078
ck_8c949bdc6e8720fa,0.244767929725174
ck_c0d2c56f9c722e99,0.9949852042859394
ck_5d2b9e6e087b8dfc,0.99967773615377
ck_5217b55593a332ca,0.04020753892366546
ck_7a7bb9be5a7e48ad,0.012161614576837943
ck_24cd0d779e866287,0.0019403069958996216
ck_7367917891a63771,0.03471341405958742
ck_4b31a8862a857e6e,0.9905351169681769
ck_81429c4910ca46cd,0.0012713944741061067
ck_b35d803568f82d9a,0.006552574444916752
ck_4b00e75c2d2d0522,0.0010456065173508973
ck_77fced07f6dff42b,0.043928273243972964
ck_3c9a06eb07c300e4,0.0011166949866490193
ck_b3867f7f494db64c,0.00013738584262665526
ck_0c45e54897ab34e2,0.09598613327659197
ck_507a6a580ab55c76,0.011181213385382197
ck_291bffc7809f896a,0.002265990919058882
ck_3753cc5b9d02e2fd,0.0005782264281207766
ck_4f63d5245b3ac1dd,0.02862647156655713
ck_9dfb2ae78659240a,0.0050691934083169805
ck_90f6f5ced708aa75,0.00021444069782335714
ck_8b5b5a6b5539e39b,0.9433765562673059
ck_4719112b55d20161,0.00727952441632198
ck_fec888a7108ca52d,0.9988976307862407
ck_4f5d022c99f118b7,0.025972678051882567
ck_e967ff05514b697b,0.1788257557573419
ck_839ce35819bfa4fc,0.0009957848193480588
ck_bdee1221b9addff8,0.0008217935361405558
ck_9cde4036d0914427,0.008828272479399787
ck_5ac959cbcc5e98f3,0.001732009629379505
ck_619842688294dabc,0.0012099253734821353
ck_7373d7b04c7799bd,0.1011644028114124
ck_c1dd3feb9a0b6471,0.005847409888654694
ck_0324a4812ec319c6,0.0013321413766066903
ck_7f3685aa2933b251,0.1771212247140725
ck_06aee5a62a67a84c,0.06896029642454332
ck_3428910b44b9d08f,0.09338469001054746
ck_c3ba7534cefc1de8,0.0014170412023531908
ck_1f1273a67cbad5e5,0.97204435714064
ck_124565a11b2f8bb8,0.0006856918964694247
ck_38e46bc861e0165b,0.015130921079105086
ck_c8ad3f01319c065e,0.10641567834285146
ck_3f94a34f5038f7c1,0.9078502354652159
ck_cee56be5a502fbd1,0.2513127086916053
ck_2b90b76cf4d162f9,0.013675158105205566
ck_884b2e463ff1d54f,0.013762572408313975
ck_fab4f2f8531b4827,0.001715104710654266
ck_4fc6256e0e60a926,0.0017753695588528385
ck_0a2f8b2f8a5b6f02,0.005623591106445866
ck_9c0deab8a8367c5e,0.0006541260453516056
ck_d3a2a4c011fa2554,0.0006510351233398274
ck_4108b4038f762817,0.06291875855814594
ck_4df036e2aa7e1056,0.0022405984674552406
ck_ec094eb1cbb3efc5,0.0009941274984618055
ck_09f8f51bfd2492c6,0.013638755128230972
ck_b60fb9a10d6f4489,0.0542275615926435
ck_3638bc3388dbc1bc,0.1850519257851355
ck_7a58e0cc9943c39a,0.0012701171680552742
ck_37dab6a0a536ed49,0.1248225008979785
ck_adc576690df5b33b,0.010108807604204087
ck_1383b2b1875000f2,0.001958020618909526
ck_43c1248db37a2eb0,0.0019082895875942745
ck_29c11bd68858e923,0.001304029786220747
ck_9401f9e11f65337d,0.0039179382204253994
ck_ce5ed372b1a2ed6b,0.02424897887616646
ck_08b4619490e751a8,0.8600413665841062
ck_44b9125526acb05d,0.04842215213887774
ck_ef1a1de20d2124cb,0.03377913071334927
ck_e5e2624b7fc89774,0.02408773791715556
ck_f5100511609b92c0,0.0003004117426855849
ck_64f3bb17101b7c42,0.0036812311750192813
ck_ea1e5b5128ecba2c,0.0002447123320602783
ck_516163fcf04d5e77,0.005694870222059601
ck_7f9a748110d70005,0.0356537865922876
ck_d263b55f0a681cce,0.023156698380882038
ck_0e962eacf98a813e,0.009606561822708885
ck_0406931800e0e2e6,0.008211960806634144
ck_0e9b982afc88a3a9,0.9998209443326558
ck_8bbb625384edebd7,0.00019163417012668858
ck_5eaeb87bf6207406,0.9948521538337972
ck_cc3318839c4b0745,0.0030445448988679156
ck_08a0355d1f1890ef,0.00324454098926608
ck_af7ffd1a822460d3,0.13692619868232947
ck_2a09c7aa870edb6b,0.0006539608872169888
ck_bc04f51c23290bcc,0.02037480145379454
ck_d3a8333cb389f4c6,0.025354466840515247
ck_88e3dd3039508332,0.017528892375322794
ck_b8c7771de9b57705,0.01085633496520758
ck_585ababa02383b50,0.0009008091037530618
ck_e988c108754cee9c,0.0015147613517873468
ck_4a691892d9d6cf89,0.006231547710165747
ck_7cdce37d895eefb8,0.006073588634810438
ck_483fb981a1fb4317,0.0007719019488676808
ck_c1e5182bd99e0e35,0.10553263214685121
ck_9a1e3ec9a1839939,0.005631706076947223
ck_5c3f13de0dbd5086,0.017284854204687738
ck_f4f6f0caaab70040,0.0051502154003338985
ck_791be3378dd7d64c,0.006140035691666292
ck_956dd784525f5886,0.030946348849902133
ck_098167eaf124c279,0.01641510875334695
ck_33ecff7914349ebc,0.005880859249334983
ck_e05d44e46c7174e6,0.006543334872875312
ck_1b2ce474fa6582b4,0.016273283127331298
ck_ab581082e8f72e3d,0.0054305048075594135
ck_e63256667aa19070,0.023710886430297985
ck_f568772b6cb3febe,0.01539568584717926
ck_dd89a282375bbab6,0.01857467756638002
ck_a39d0bca345b492d,0.006788246942698842
ck_d12d2924d0f7a64a,0.005424641808737242
ck_6a548da1728b5823,0.9965561125110136
ck_6d64193681d2a94f,0.016474837323939645
ck_ced6b6dcdc7c201a,0.004141759798022438
ck_d1b0699d26282871,0.0315262765829188
ck_58f757e40a9b8877,0.038269233158684614
ck_3272c2c4a37d5220,0.49098457267877105
ck_d94dfde9e03c9d1a,0.026441167450542754
ck_08a6d4903a7fbaca,0.011464338351431383
ck_6c72a36b05fa0f4c,0.04094700664837954
ck_dbb4bd4eda97255d,0.00232298591396528
ck_94b59bbc824b307a,0.001943992988866991
ck_0229a07185f15469,0.009310983069741216
ck_11bf1039f8b3025b,0.0035116396858603524
ck_36789ca11459131e,0.06658746487639436
ck_8572c5f5c1447c62,0.025068951425352263
ck_9e75c6641939f4fc,0.046707271513067465
ck_b45e47c39d4dc7bf,0.004864917701963947
ck_02903c48b6cfd65d,0.0035649509368431086
ck_b153386f1729de81,0.0025041167176400713
ck_36979996f33498f7,0.5552647682538855
ck_3c02d4dbbf6716b6,0.01218773673128822
ck_66c9a19963957531,0.07866199342203745
ck_bae8dae7cfd8baba,0.00017146621714608963
ck_bba0ccc6cd968680,0.0730361166739714
ck_3267fe3aac05c71e,0.0057941230771328634
ck_40052cac10562cde,0.0069065258181529214
ck_d973444855403e2a,0.017468113818940322
ck_012519bb095ad36b,0.9992010069462298
ck_ad7c256ea10c4a00,0.2516562883945685
ck_70a60e095e9b706f,0.00029847408142472353
ck_f2734417c0db4ee3,0.001472429831316425
ck_9cb89cc3178e0172,0.009796127395410269
ck_779cc0f2de4d5488,0.4172301519101522
ck_35f8656bf93e3b3d,0.00069437171548199
ck_bdd8eba728800e29,0.08014011924612731
ck_002cf760d173f0f8,0.062354298320066046
ck_b046067c6ca3831e,0.00046022106013840356
ck_a4a42d4bff8af645,0.00571899345183552
ck_bce253d2396681a1,0.022027467470752193
ck_00dafc060c8de32a,0.0008168932532957273
ck_968a99e097ee78c9,0.10433600078378837
ck_66949171b387bb93,0.022752560177101252
ck_ad305286702b1958,0.0004900234865436848
ck_4732da7e0d2dfc7c,0.0005723880762262844
ck_17a95bba77217d85,0.06723469572585988
ck_3e2516a3e35067e0,0.006515852620761694
ck_0b615ed566da1f58,0.01218037056951505
ck_d2b3ce1ebabe9f93,0.00881564435171545
ck_a892252e4e0c2828,0.015395526385621363
ck_cf606fd6ebfdf9bc,0.0024153695598857
ck_718865237134ebe8,0.004739274048103295
ck_878522cb775b904c,0.07870971378659514
ck_9ed53de6ef779ae0,0.003344650597561505
ck_3f16e2cd7e6874cc,0.04180498383886406
ck_3c59df37895ead2d,0.0021703048410029718
ck_6821459b626d492c,0.000889367945657037
ck_11c7667920541587,0.003217345805005119
ck_23a016cf6b98d89c,0.2540811245855439
ck_7137eeb394d200f1,0.017035392685295928
ck_9c4886c5c90ddbdc,0.007222903011981265
ck_1422a7bf7756294d,0.9892738128884487
ck_7ebc5fa7f0d3b8f2,0.03353129703467447
ck_fcc2059a8d5c41fa,0.338090493902934
ck_00ff7389d6a83e29,0.4478323839828186
ck_03129b41457795d2,0.049462516822635014
ck_38ba64efa7c38250,0.0278506180739387
ck_57a6b56b09bff24e,0.0124922765335836
ck_e3b3c5a80a567418,0.006734660767382399
ck_fc40a16adfced018,0.0019386107841400666
ck_9d4b5e6b43bad4d8,0.0038125302500737067
ck_61129937ee466b49,0.030246093805138798
ck_74112e47b8629c2a,0.20564712425098983
ck_b4703ee97f94d7fb,0.0019621623565306435
ck_e560f720a988d8a2,0.8333532480527258
ck_708fea345f68037e,0.012235073347485154
ck_25394c1b83e0b803,0.008100735196891305
ck_17ab24fe914ae44b,0.0008272264339199597
ck_16c501470d9bb006,9.125388935505855e-05
ck_628f449e248c19b7,0.013421609421639006
ck_6d64190623dea714,0.004354132630668623
ck_504a45ee08db72b6,0.003610408103421881
ck_6cbb011e0c70bc7c,0.005893254569595039
ck_b3225a98acd04f83,0.003173480497279402
ck_aa37993f1c17cd1e,0.050349013763638
ck_558cfe5f77a55a9d,0.0016606071047696065
ck_0d0a1a021efea5b6,0.011502965339371835
ck_daf7aea023b7a8f6,0.048600811786895716
ck_d75f25184ece2b51,0.0021204262955622556
ck_466d4b5366c50b98,0.002806509941878708
ck_88f27ab479063852,0.0273929655996287
ck_66779098e78c1760,0.01015268369213431
ck_b150fe4efb449b05,0.001438134118299824
ck_9c3aa9f23d01fa1c,0.006053666256782308
ck_6a01c375fc26705a,0.0007256289343856858
ck_002eb6552b504ea1,0.017468534057834273
ck_affa5aa0bff9bb0c,0.012687070956916752
ck_027614eeba8b1a4b,0.004995343365254271
ck_67e075c982add719,0.004357566976461737
ck_399b0d510be98bd2,0.0009596207725585576
ck_e9b0bca7368555ef,0.002663357959424992
ck_59c29d9c57b4f994,0.03137464322531871
ck_37176850ed68831e,0.0005103445228596598
ck_a0db4ccca08030c3,0.9401834646518163
ck_aa188e5c25f7f42a,0.005915895034571066
ck_7de6997178207800,0.0009895584651870074
ck_c729d19053387be9,0.051911373914951826
ck_f2d3e3d90608596d,0.6405787152828027
ck_2db3fb565e0211ee,0.0008896504630369851
ck_bed8a480e27e911e,0.040605501737383254
ck_d7ad9921a4d25926,0.027682840767846034
ck_2a59f23fc5194699,0.15041691146165012
ck_63601a58a6120d8a,0.009506662181282427
ck_efd7b9e22c6317d6,0.020627053610626264
ck_9ab42875a0f95b43,0.030511345136221148
ck_85cb5033fca7c846,0.06164619143078134
ck_5249b223000915ec,0.00964100747806722
ck_3efb0e9bf25612c7,0.0017572974728607199
ck_678e74532ac19700,0.0027338030524253357
ck_a980b296c95153f9,0.005141274463714675
ck_01ac687ce0d696a7,0.010467883614815172
ck_52e1418cf1aa9871,0.012861982729194824
ck_7d28da4f1dab09ee,0.053033808587092626
ck_010d0c2e6c1657fd,0.0801685721104458
ck_b524f7a2e752b9d0,0.0006348197181106318
ck_cc447fcc24a0772b,0.2971991952194907
ck_2cb3c99845e572da,0.00036665565553086545
ck_604c710141327a81,0.004203263080921808
ck_8d5fa65717d2e0c6,0.005321948132518609
ck_31199510b40602a1,0.0011904480645151137
ck_49e253ea12f4e922,0.02269531558413722
ck_780738e0d71e7e43,0.004560051860853341
ck_2cd21137a07fdd7d,0.0023171544645724635
ck_5e021f2a3b66e256,0.02711970265106384
ck_efbc79246e32c66a,0.03391060932082219
ck_9951bd806c13c7fd,0.03478775387986795
ck_7a52674e2806d8f5,0.01753699167150846
ck_1a319e509f1efa1a,0.0009504256920922736
ck_c920901b9a4ba993,0.9803031865607257
ck_b71279e807d0b3a7,0.013485820700284071
ck_47e1032f490bb018,0.008773089966414432
ck_192579ecdca7ff83,0.02450888274694492
ck_b1496c474c4a3239,0.00030632205943421724
ck_5e68ea2c5e893cf0,0.023386133764449726
ck_f2ecab85d4693b4e,0.0044256544583094835
ck_89d7bfc81c3df597,0.001762003932607714
ck_7929284327667791,0.08841900101317425
ck_494ec63c5ce8e150,0.030446961426333186
ck_319b059bb2145586,0.15079070075765727
ck_ccb3767c239018c1,0.002349872729106221
ck_a1c7adfe26e09a8c,0.031106723517039143
ck_0e13c4f73818149b,0.020905620017950224
ck_c285a51ed6214f52,0.005598112617773283
ck_916784595f028226,0.09191825474569698
ck_6cd8e0196365c474,0.010415202935181778
ck_57b657aba4daffde,0.24237860157929197
ck_562c76a3753fc7da,0.8819586952911264
ck_66cfc1ebc9a513c8,0.0007775699124362461
ck_0f38d4aed68d7d24,0.0022616663772713442
ck_d8ddf5e99f7859e4,0.028655946279531788
ck_41bc3efa0fca700e,0.16630269686163573
ck_40799e129fcf42c5,0.04619048258563952
ck_786f079389126e44,0.0601828384796128
ck_bb4c6b713eb0b978,0.06590310733178092
ck_4f01f7eac0efaba5,0.027708288357219866
ck_47d29c01b20cf69f,0.0009443550860371236
ck_bf15a1f8d67a30d3,0.006779955702080957
ck_bfecad7586f65e4d,0.0212682429990801
ck_fc9f16df35190eb4,0.3957091286669695
ck_c09c914e416edd08,0.049288529514539874
ck_c54c5d8e4433b0f2,0.00017081190135086085
ck_1694c28f44480e98,0.015042410274235868
ck_1dcaa3078dbb7571,0.0007530354029909672
ck_af559f990c640e41,0.00381485416635901
ck_9b436162039a77d0,0.2551142249342803
ck_79d62ef181bd0cd8,0.003753324444800819
ck_23caafc2cd34242c,0.001864405698254198
ck_ffe2aa26f597e552,0.00795348123916696
ck_e6ffd0754ac08661,0.0002841904568326886
ck_beaacb4a783db21f,0.007177868843609633
ck_9863bff41d24ce9b,0.0021005633025512017
ck_323b9cc5c49f8ea0,0.11494880943457608
ck_ab3de3d3e41c2082,0.00666915548566966
ck_35c93b2924900376,0.0012818768102435963
ck_5a9d5f9901e37e31,0.01708562154682374
ck_782b0be796164335,0.0040084252708449935
ck_11960b5f1c7a5e2c,0.002636070581690317
ck_9a66cb13a9884cc2,0.007089291138396122
ck_ba666a425930615a,0.0007613160066714228
ck_40140bef4db73741,0.00029076529405033384
ck_e05e91cc180063d4,0.22806371556379818
ck_c7f6f45710bc050f,0.004525305948153255
ck_055fb9f2e1c8c934,0.1466421916749748
ck_58bb02d98e2b9cd5,0.015699527574433773
ck_d9f8efa6a7800f76,0.011347126011582293
ck_69691226c68fd50b,0.46130666049669644
ck_6f2f0396e5b1c538,0.9890371102004458
ck_78bc3f1d0f35ea6c,0.0148138775258266
ck_2d5a6b6636a2596b,0.0037422471684192475
ck_7878545739af0a73,0.000527437842392013
ck_03c4fa4f3ed3512e,0.0025961577813820103
ck_1a9e51d092d62c84,0.7410556842054266
ck_9f3861940d8d873c,0.13750699107213682
ck_4684fdd61c6a0fac,0.003012844074893804
ck_715966f86d5c913d,4.805877781400407e-05
ck_77f293d44b4a3d2e,0.055450347749520804
ck_24dae044dc05f849,0.04200123678004758
ck_00b9818e2064405e,0.15638064983139924
ck_c1c2cb49c3c1b0f5,0.5726811928182163
ck_bed50fc64fbbf8ec,0.001126518325706497
ck_4f6ed5ea5ab7c429,0.006093391784225549
ck_458531c22ec2f9b3,0.010651359863991874
ck_51c50c4c443df31a,0.8301829909784321
ck_732d45bd578dc39d,0.007045967521659068
ck_783fe5bc20cd02db,0.1174824963485217
ck_7f188aaa63d1d442,0.00924295972431636
ck_ef307a6aee38d1fe,0.9540689189631862
ck_e37196b20968b73c,0.024950105738487452
ck_4ef9de711c3d93b1,0.012120457754076127
ck_17946516d5df71d7,0.0037654998657037798
ck_3534be0f4efd313c,0.003793689918984388
ck_29fbabf855cabdff,0.0019551390912458493
ck_191673540d8486af,0.0073994430592247565
ck_5f52728d777ff2c5,0.015019670589221873
ck_a045a19369016818,0.9995906201766707
ck_4eadbe7298b15e96,0.02990446386066159
ck_a3a0bd59729fe619,0.014837090839141493
ck_a1e77090b1c6ccf4,0.0015396637126847154
ck_69ab9d4784eb77bd,0.021851031628286294
ck_baa47383ffd50f04,0.005658833288065879
ck_e35b2ed08b9e55a7,0.007655056545185703
ck_b6e3af0a5119d9a0,0.31941437282768526
ck_a7c1dabf3869772f,0.1396328075713605
ck_80b8fca67a14e0be,0.865281066307851
ck_dd9c5f0c42878e67,0.005962035039687821
ck_41ef7967faf5ce82,5.941314116925167e-06
ck_a93560aa348d6225,0.01577665237137003
ck_ffe91d6f0bd93fc6,0.03732099538015965
ck_fbf630c960194033,0.04911193923790994
ck_497ed60723283c0b,0.06501684837780648
ck_2a46b7ca55239413,0.0016949033737697163
ck_1a4e5ace078dd782,0.05071617762010996
ck_616cc31910f5de50,0.0026354363765786577
ck_0d65bc749eb42710,0.07481792649910267
ck_2408db62e4395ccd,0.013678856053814406
ck_5d7721930106dce8,0.003236311876986133
ck_e8a6acea22b20312,0.35166723878293665
ck_e2f792fae128b18e,0.21289613354751033
ck_e6d3ce445b86003f,0.00151229879789549
ck_263334d722ecbc97,0.5189442370913447
ck_8c5b29f6666d4874,0.2910128051231284
ck_7ea0bf310fc20c7b,0.9137002818321172
ck_54d463f7fd89ec3d,0.04911638597469052
ck_79e45040dbdd6447,0.06011231673411297
ck_60b4d59953505682,0.9280859999331357
ck_fb00dd5021642507,0.014751861543178727
ck_f409ff994a210601,0.03208914878149333
ck_2ca0020038bfec58,0.2096523867263472
ck_adf84b9df54c3d80,0.017784794563373677
ck_942dbf632591b65d,0.007728141667232413
ck_454a7e4d859a3409,0.0006246742180520296
ck_2139062d4569aa07,0.009720534723708148
ck_e949a0f4df0b3902,0.0918945562306603
ck_bb113e3e6716ed65,0.027750040472435945
ck_6a28ea6ce69cb869,0.21988705958442936
ck_7df9910af2bba21b,0.0047689012584707265
ck_78aa4b731cbfe251,0.0011396720437553754
ck_5839f5cbd8165b1e,0.015416993639673832
ck_7158ad9e58769ffa,0.12000831503936388
ck_acee218cbe61df69,0.10254973108651387
ck_f8dc8473c2772729,0.06403676064845511
ck_f34c93a8173555b1,0.0857101220612324
ck_7cf301d075e4e709,0.0077069742421098705
ck_b87e88ee5512ea17,0.0012394224835725472
ck_bed0c020b10afa3b,0.004031514630206943
ck_ca10102961f99eb4,0.0005815569380306292
ck_393287947b5c8d79,0.010358913631228438
ck_2fe6cac002142f67,0.1473428070919172
ck_79c7f0d29b1db1cd,0.024488635328251587
ck_c735b643d3cbf67b,0.003250034664835484
ck_ea4332c8fe48e2a3,0.0010253431010323257
ck_d39864119cdd460f,0.002246170064683831
ck_3b963d6be2773861,0.011390695048195251
ck_df39e3b8a9fd0bfd,0.7742507837139014
ck_6236a461dc0d11a3,0.0012908162357760308
ck_475ebccca25e30d1,0.011191242293082231
ck_c10c8bcf5bcd516e,0.25006911315551017
ck_49ccc3716a564256,0.0014526981162095325
ck_4e4f99102f6938cf,0.014462861821045487
ck_a97b481ade6f7972,0.004577568170056503
ck_3fa559c679751b3a,0.014553572845697516
ck_3eba1fd2c7acc4c0,0.621881124845836
ck_18c179b4afc4fccc,0.012255542839681168
ck_cc1c0b93d05b7d20,0.16945450328806266
ck_742f7c28ddd019e8,0.01636394062558447
ck_04470bc93b8a0d71,0.0028217725912993534
ck_6e8f8ef7a03cc6bf,0.015592095541647312
ck_eb1ddfc353b4da83,0.00038267989673017685
ck_98831b57c7ca2e4f,0.00033369632748441537
ck_a6c7b8d6e8596d4f,0.11485235409070838
ck_cd7d24e3b095e96e,0.22750186727328536
ck_3f5ae4673a9f858e,0.018555296478429316
ck_05f375fc8ae0afb0,0.004774821910481855
ck_1fc98436281ee39e,0.0014732083080066924
ck_6c48c58678f64bae,0.0013637632909278034
ck_8c95aeec6a4c75b0,0.022053436964996388
ck_364cde38958b7af3,0.2735548894537394
ck_85bf21aa1a00452f,0.0008679289135170516
ck_796d3eaabc667c23,0.9997861163180084
ck_ac449ee0c315edde,0.0008336558639631991
ck_6f9fd15ac6b163de,0.0013764438100832236
ck_4087065be2a45ad7,0.15049903818403748
ck_ecf006bbc78ee3eb,0.3960293375345516
ck_8ca808cc5a49cb5c,0.005656696069522293
ck_94b90ab8b2dfb50f,0.013025118189561835
ck_59fd11b3232de9dc,0.9830428487987143
ck_67f3794d93e2dd67,0.24796799076368775
ck_b7f5acf5df1bb13e,0.003747055573374167
ck_fb04ecbaebb774bd,0.00780330872124272
ck_68ef3e7301c621b7,0.013196830622847749
ck_41406cfa209b6bda,0.0005962597011169121
ck_b0f8f5408662337b,0.00013139596582731225
ck_0d2901bfe585c391,0.09130430032647266
ck_3398551e81dbf3db,0.02515655153723409
ck_61c3e3e277629646,0.022757253146960046
ck_2825e34dd3e7ea2a,0.003922422338596152
ck_20d7571ba830009d,0.024597840743575735
ck_c98b16f9a72a6568,0.00044309967141614823
ck_e7c8a9e4641eb9ed,0.00026976502832391986
ck_254a7c97c36dab8d,0.006690717827284821
ck_e98429675b46272b,0.0015649752122741517
ck_c2fc0ac460786d02,0.07063001982659901
ck_fba15647b3a140d9,0.01611796513042627
ck_15ce50f2704227be,0.018947942473633576
ck_8c748aaa4a4554f9,0.007655774273206167
ck_e00e82a9419ff086,0.04160931299664524
ck_832341c98254bd84,0.013246047304984741
ck_27466468d06db4eb,0.021207112354831907
ck_9d7b9e3ff1f3e71e,0.005358134416871045
ck_42c6973d3a6fe983,0.0017635111064547627
ck_877c85bad118bc62,0.2928079037024949
ck_75d2a2715259c4d7,0.040403285436161625
ck_37d3e5c681a2214d,0.5730886049054346
ck_bf285dd49f372de4,0.00869826888695199
ck_a5bdd026fa9c50fd,0.0017731600480202854
ck_88d9244a9cf7a77e,0.6969314651100611
ck_5881b174e49b04ee,0.0036274717548665254
ck_5b16d67c5ea89930,0.009450999527026865
ck_b75b936aafac56b9,0.007751543945566355
ck_aed2681e1646a0df,0.036785815995965615
ck_f63cb5e8cc702bad,0.001682730962004045
ck_1805fcfc4a9e4ffa,0.9906386084355783
ck_25c355da356c730d,0.05958176943007902
ck_70396398e4a96449,0.001665094539749086
ck_0f743bd13373748e,0.02553630255408682
ck_4b387765f0e916cd,0.00019256392416211351
ck_e971faae8a10a260,0.00028532648875455454
ck_9eb08369e983abfa,0.00029412683458410795
ck_c30c5844512e429f,0.09568569436628906
ck_59e77e3a81f1fa0d,0.07045765280108678
ck_ca4465f2b5c1a52e,0.9953338090403996
ck_c89b9ca398402f1e,0.007900823090284326
ck_36e72ef9273e7a95,0.0010881188941277362
ck_2bdd8616870e5e1c,0.00019601150528708355
ck_216e87a41de22b5d,0.2755526913405536
ck_60f4fb44f5efe3a0,0.004321201233465088
ck_05652e8ace6ce6cb,0.0009752145620474698
ck_8c136dc691e65695,0.00015779342171957776
ck_a08f8dfadbdca112,0.0008489512203464012
ck_bda4041a3e90d860,0.025537329944223478
ck_15dd3ecaa8ce0245,0.847159751147185
ck_3e3c64b3b7876ce6,0.04843284300242681
ck_46225858a38b2e57,0.0009862046762576565
ck_0cb9f54928f4feee,0.045384495633653044
ck_152671fbf8a9a78e,0.05724846440004942
ck_ee7a515e87d17d4e,0.004440709440413857
ck_f7276091bf513d22,0.00020053498359310043
ck_4f05daf1cf0d5755,0.0009395638301524031
ck_83a69c4a5d55ef19,0.01194063848069316
ck_c50fed2a7c9198c0,0.004230710095277532
ck_70d19d5650ddc8f5,0.010055780144406865
ck_4b4d99e443618904,0.009444554147065314
ck_dca0b6ca93311ca2,0.08631957711734638
ck_b7431d4706461ec6,0.018538462893136144
ck_7b59d22cadef3b05,0.21039854055294385
ck_53428573abcd606f,0.018187316302040287
ck_f538ab6aecf2adfd,0.001554353002368429
ck_d321249fb065d2fa,0.09583951851447352
ck_72fdfc7e6d8e1436,0.0006492789108908096
ck_b52b99dad89ecdfb,0.017236948928036754
ck_d2d4282f9d256b3e,0.002634951320777485
ck_c8f2a1dd8a6141a4,0.000987739294290189
ck_8d38747058d0aeea,0.535567535401095
ck_3ac528caac74f563,0.0030613922870415004
ck_8dbaaa00ad829ca9,0.013410579136543536
ck_7c38ec898f0fc21d,0.009390451693509
ck_8171ef803f5ff604,0.007856819469515405
ck_01a750db6fc1168a,0.023078066496781596
ck_ceb017baa26e98c8,0.1453169263719315
ck_e2c66c72cc0b0f78,0.40575242180289006
ck_8d9518f64b222416,0.001235016937122387
ck_804c5a1fa5753617,0.011725233507913876
ck_fca7cc9c42695453,0.026601612602693545
ck_3a632cdf2c19051b,0.012918230213509125
ck_b2b63ea65edf1dde,0.05847586473029231
ck_27b07021500ee841,0.0034332301432954096
ck_9724718fe64c6557,0.9944949423601801
ck_2786cbc3e75ec034,0.4287723805615775
ck_d9c2622cb6df380b,0.0015109416427495955
ck_ae1da8ee98e402a4,0.0009548173236959266
ck_62967b91504149f9,0.008699222173380816
ck_6b255bf68709109a,0.012355434353243112
ck_c55afc68421d85e2,0.005089785628975824
ck_7c7266f6ef2a8466,0.05743804721592061
ck_885cf685a9541190,0.7638833241034171
ck_1a4bb7d3d2ee3227,0.006606724214502853
ck_b4911c42f3bff740,0.00029449393299728224
ck_66f9f78d4c6a3edb,0.0448367073364062
ck_49bdba9ee1899dfe,0.060924384936358725
ck_79b235d51718435d,0.01698542078102248
ck_d840db8cfe2ef6f1,0.0008388795748981077
ck_610c7bcc1cd7ecb0,0.030126373403573565
ck_cf49b6544aff6c50,0.2432433229152636
ck_de05f97c3d40dd1b,0.013129524914480287
ck_0302f67d75973dce,0.007493459473685039
ck_54c2604c9ca6256b,0.03423539547862316
ck_a1c88c0568f142d0,0.09127479388828601
ck_5d72ff6cc2963d1a,0.00278590525970282
ck_0446920a1004c596,0.00046487735736471924
ck_71044c29ef071570,0.0015225477946299007
ck_2122e9bb1afffef7,0.004092081590524289
ck_d1e3de178601d3c2,0.02038546941034622
ck_bec8324a3587ef04,0.001478794622509882
ck_b616b6f45225f319,0.02955805874489262
ck_ce1e695884511479,0.014788129733137603
ck_a662b4bf900781e4,9.249655973659956e-05
ck_b5a84c5547378c10,0.0018083575506999145
ck_f80af368cfc6cb7e,0.049354036360597035
ck_da3526ab6c5c884a,0.031674131127008835
ck_bd20be9a3392d79b,0.0020218341076519764
ck_b8266dcd90cbfa62,0.001112323221447815
ck_ac84b33304362c06,0.009967629666339997
ck_794d8935a895e33f,0.0556924644653301
ck_8fea7d915259f1be,0.004413589460955605
ck_7a1519ad5ff45312,0.0007179076403052683
ck_9bf3ce30b65f75c7,0.15196551337870826
ck_5f864d72d1eead99,0.04224048103216512
ck_3c48e0cfc2a58041,0.7799128702443887
ck_d902183f80cc81fa,0.033531108082506665
ck_539cb0d117db8cd3,0.24660825276299686
ck_28f530aec8e77130,0.03959043953279326
ck_e7d903c50d353361,0.0036159334237023523
ck_d288b77d1e227970,0.06552601005182106
ck_017208fcc01b5d40,0.0034772901581339053
ck_7e3923d278a5106e,0.030958192755772135
ck_9700a00ff9e66216,0.009866930569809657
ck_5c36c78b7a4d138c,0.022030727069510453
ck_c457e9c9224b773d,0.0010178971650865976
ck_1dfa91405d7e66bc,0.007887643722146011
ck_f1d8a2695a575e56,0.001447481267672728
ck_3b92a46daf8d00d2,0.0025707642576860232
ck_aab23b5470469649,0.01054050958820096
ck_ecdd01a391610d99,0.007329751490580596
ck_abd3aa292f8edb4d,0.0404268854700911
ck_7fc9a0776e1339e3,0.0005627003260985189
ck_c0389ebeb0e65cb8,0.0014154858879343916
ck_48d0fc4f6a2109fa,0.9987370345703402
ck_571dee4f3336c7ce,0.04476044758030661
ck_4cedf26628c84f26,0.028025684737435674
ck_63356762d24aab81,0.01049287388080459
ck_2c5bc11bb7ae5d2c,0.9912148424051281
ck_6d26a152f900fee8,0.005056111856308386
ck_c972b0e781efed3b,0.0008372225687506562
ck_fa0ecbcf9a33d6ce,0.001761843186343674
ck_fa3a766e49dc77ae,0.014237892838967741
ck_7baf1e55db0dc558,0.018568608581792625
ck_e8bc49e6494c1f37,0.0017751445395370515
ck_8ef1d05cc1e53e7e,0.03384372317503315
ck_cef2a485a77e0723,0.001545620513248134
ck_228a583f23abff48,0.0161773541079782
ck_ac32c6e374782b27,0.031170614520011884
ck_b9485218cef413f0,0.0031104624571516148
ck_7f15503048915d6f,0.001388424208919237
ck_b62f5144db15ad34,0.2990320827042478
ck_917d82c552f95a23,0.005660873403245043
ck_fb4797045077bc6d,0.0047132690737416464
ck_2cf8a44e041217de,0.03770126059309681
ck_b7dd681eb3d2ee38,0.0017894856697931725
ck_e9e8cacd2fa35e79,0.005162036954867572
ck_342a79f91de5d1fa,0.026439607293916312
ck_2c91f62c05685ed7,0.004972915201775451
ck_e30cb64302939f38,0.08683025538389454
ck_d0e95b90ba86da10,0.003666269537118963
ck_1774faf414a5d49d,0.8141766889479111
ck_2401e8ff89e574fd,0.9234735510708278
ck_0cd8802264e0a1ef,0.007125242537494951
ck_da84a0dfe947fd3c,0.006407160213599034
ck_c8affb27ba7fb5db,0.12046860313550735
ck_bc7ece8787ca7200,0.0038873622824728733
ck_469a0578d05990c2,0.0011029656997212157
ck_eef67f8dea702338,0.012801295901032706
ck_4f490e379e9ded9a,0.0021172908174579112
ck_354379de065a8ff8,0.0007822203210999299
ck_5db1cb368bc41ac3,0.023090238491153426
ck_9b1c3742dd6fcb8b,0.027536369352531495
ck_63ce4f44c92d7143,0.013900892098249212
ck_e15e3390f5ed45f3,0.006766353452117374
ck_da645ea91d66aa6f,0.5208963151083215
ck_834ca727df855f07,0.14381716272584744
ck_e1d5ad20c737c745,0.21183634164968054
ck_ff8059ae5fa5f1ee,2.6742080475032758e-05
ck_8bb9e75393954a1f,0.0008275141458321326
ck_4e1757d1347ab387,0.9981840969060312
ck_af3f74b1d75a5d95,0.025827241234452177
ck_6b1ab0742ff04c3e,0.003300538533547268
ck_f56073911c9f1ab7,0.0018137027868865823
ck_51bd5f69b4fe0b92,0.8665524277231801
ck_fc3d95030b81f416,0.00014600652518953556
ck_cf78169633a1600f,0.0025607167957350813
ck_ad7269eaa65c67f9,0.039021413671789275
ck_cc6d33890d47a6cf,0.02028597997155582
ck_bc8f31f4a2ffa1ae,0.0002563531591832094
ck_720776a46e56dfa8,0.004742174519756501
ck_e2d1f212f259539b,0.011754940557922986
ck_eaf6f7082c3db2bf,0.03004787111983064
ck_773efe58c6278c3c,0.027217956589021187
ck_c4a72c09f2fdacc4,0.0017156757521930568
ck_8982888dd6611143,0.0009009778602999245
ck_9d5049e195eda029,0.018913617307925373
ck_de58ef6f9fe2b546,0.036397415117338405
ck_c0b50c11e4f5adf7,0.04932828121790967
ck_ddaf228487858bb8,0.042969067144238746
ck_eb2323215ff70362,0.028716405482148145
ck_168c96a1a636ea15,0.03435282356750813
ck_9c46711b14d9eebc,0.0007319991801744794
ck_de8af660806b97b5,0.0004995208691185495
ck_6ab83f45bf16eaa6,0.0027421383515421893
ck_bf2228a052815840,0.004539118813235337
ck_3f943f20a9da9bff,0.0029624398678989717
ck_3baae40454c00938,0.006307787874330812
ck_bc2e771a1d8d2dee,0.019797527834954524
ck_e55f5ca37f30ce8c,0.006066272929058324
ck_4ad5937bef176d89,5.675556319363339e-05
ck_126531a9126c17c4,0.000803928046033814
ck_7ec423cb56257516,0.03849133573447383
ck_54748ae0f2daaf10,0.039525960338105286
ck_ff24776280ceeeed,0.01775493334688429
ck_3c3a1a1365741bba,0.0027598897809147393
ck_615277c8a4e2b18b,0.0016217421529100447
ck_a96aaef34173aee6,0.1265362400814143
ck_bea56db7f3e930e8,0.0031195496477030107
ck_ca491debd3b32a59,0.06420389927631079
ck_d9ea77f4114a389c,0.002326083581523003
ck_322ffda3332d08a2,0.00670715147653714
ck_c40ffefe4e30b001,0.026725799275120022
ck_3b1d7648d4580bef,0.004367264130171701
ck_23981a3261674131,0.004975222109277476
ck_11667f5b9fac7bc7,0.00023178672255225733
ck_646bb3c7be5f0817,0.0034382967606433473
ck_ebd0a45712dcf07a,0.025154565639759437
ck_baf43bf1bd963f9f,0.010829899006381736
ck_e0ca2c819658f6b6,0.9991156143697323
ck_f0d6633d0834fff5,0.07052847019527132
ck_91081be0254878a5,0.004280579123183996
ck_1325000bc7f35b5e,0.0017676253779459724
ck_c624b9063400fa3a,0.27888969928748414
ck_0ad6fa0e23c3bd0a,0.6191405886253025
ck_6ddb55b1f23c6cb1,0.044391377381004626
ck_dce1fb3acd65562f,0.0015124811479760478
ck_a9aa389688ee5aea,0.01263035777780721
ck_5c5284c45d9ad8bf,0.13940759231934793
ck_9ce743dd3e92549c,0.03228689721847465
ck_8342e08cc2f9bcb7,0.0006477823502642934
ck_25e551a0a8d2fcc2,0.011819812842509738
ck_d4fd0e438c97e0c7,0.08175715260657289
ck_ac7fe1c344190c50,0.009899830412562384
ck_ddd65711b5651f89,0.0020519806268625056
ck_ec7406cb5cbc8f10,0.004190562766872163
ck_1c65e8d5be3b9c60,0.6429354985640651
ck_38ee42f15a573e81,0.004476988951450165
ck_0e5385c70c6de025,0.004170084848115475
ck_d3137f0f7629040b,0.0028905667847109813
ck_9129c92c12e0c8b4,0.0013300984907757363
ck_c86520a00e50a926,0.0719778879399402
ck_87f82b2b5fee757a,0.11848976392415579
ck_643abfbd7548d0c9,0.05834131528493787
ck_be51f4e5e6b85768,0.11751393634428627
ck_132c16312f37810f,0.001077025699099055
ck_c78c096ca8cb33ac,0.0016202794500363407
ck_2ce5afbc014763b8,0.021943928849971372
ck_50ed8f4e7ae6710f,0.02716781130439195
ck_5a4eb535c9a11993,0.01699354977644201
ck_9b665ef46d785324,0.0025198183871915658
ck_e066f71f8b296b7a,0.009900789665406185
ck_560bc6017870ab06,0.0009033967944115136
ck_fd78f8a8663646d7,0.004513986486335237
ck_4af5ec61ddbde1a4,0.06497678172549191
ck_c2ed04a9d218410b,0.0019461209763087703
ck_2455d43bbdd2bb69,0.0018019274424918433
ck_56eed7041add49a1,0.5707850105225205
ck_5f0be7b468a72333,0.0013123385885299495
ck_19660cec756632ca,0.007222209690823106
ck_fb90408f4892a21f,0.05862111019603889
ck_833a65b86a5d9bda,0.0011575181610049264
ck_2ac36e1dff211d38,0.01996597385428171
ck_c00e70606904539a,0.00196769279065673
ck_ba8affe4b9505a95,0.8403067112165375
ck_0c3dd22587b08018,0.023883021561478184
ck_618c4e5cfae99dcd,0.013480214068277312
ck_c9690baddfc4177e,0.0006617289748249017
ck_59fae092fb0c4aa3,0.049096416365074655
ck_e03b7d0fa0b28f4b,0.002594172748587544
ck_d451d24c780b5884,0.004722395707415609
ck_e980d325b8dbb8dd,0.000148881064689729
ck_cff18e2d8c520272,0.005051765416743331
ck_a0e46b67e986ab56,0.008173997267957324
ck_3a469039a5b9d963,0.0057041993989245445
ck_12cbb211ebd2b437,0.051429594430806844
ck_b8cdd6d6dccc4554,0.0015684311625268474
ck_794ba5921cef50c9,0.0723825989308544
ck_2c7667f64edec2b5,0.012642797524070284
ck_7262b4e0c29c942d,0.009511463106309
ck_5d818522cbfe2a54,0.04065779041587388
ck_de39c1947fb675ee,0.09321115629970311
ck_c021495606b4735e,0.003284286629491571
ck_1fc03ba33edd9e67,0.00747149511918262
ck_a6fe344bbf67f14b,0.006771097707805973
ck_963762210edc5694,0.005652358061619384
ck_d064428b7e7dc409,0.014579456057260456
ck_59be61b53d971611,0.005335059400554871
ck_ec8738ec663cd2eb,0.008252576994486316
ck_59d086fab5998646,0.011833079032823733
ck_bd32dd3b2cbb7888,0.9991247232286573
ck_ce0166addb93bbad,0.0001408584078997971
ck_7c0fdfbb447cdc04,0.02239288198295037
ck_cb1bd7635968ed8c,0.6160495168449904
ck_66f94903177f20eb,0.005111071095016637
ck_1d7cd5dcbcdafd7b,0.7932974877155441
ck_5e418a7c04437b4a,0.007521670753360627
ck_631ea1ae91ab333e,0.010953826332873107
ck_0a8029e79a5ae7ce,0.017582621287804735
ck_c4cca8278bdad9b9,0.0006772268704276927
ck_4dec3df58077a257,0.5043138091400453
ck_609c249edd88c565,0.006630193688613423
ck_02e5f9cbbbf2f078,0.044354596085568104
ck_32e486859130458f,0.9529399642692968
ck_21ed2ea6386c5a07,0.0008170806024830751
ck_1242aa4496576a99,0.0014370790371918923
ck_475ea9aa6d3898b7,0.08439029934446433
ck_fe1b1adae3be70a6,0.7708933981182948
ck_c5414d7a8031d4f5,0.014441758948697089
ck_ca1f6f01868e978f,0.009976001400124872
ck_5eff0208c74ec714,0.012758449082451627
ck_a315c9619a317609,0.008447371156833531
ck_2b87683c90acb852,0.039975563824062504
ck_7cd9f39c50748ed0,0.0026889643067630406
ck_16a06d58d71935bc,0.14311764907419672
ck_d116e0e7c19b878e,0.8808620858319482
ck_931510e384b1d0cb,0.0020829832426588375
ck_e7651fb87bb24132,0.001988517483340126
ck_88ef9f85948e1a01,0.0018584952324656229
ck_17bf38d51115a8f3,0.00032482767495922656
ck_2659d1d3762a2825,0.018027882099838573
ck_a7285955e2852686,0.006565812099197473
ck_f2c33d5b65b321db,0.016674292928061968
ck_83e5979334345622,0.018343980312066962
ck_629537d8b4d0f395,0.00708733364080317
ck_72022008a92c9386,0.037757384357790434
ck_2973b8274f0bf69b,0.005258767201427116
ck_565e3418d2f4061c,0.004742482081022297
ck_54bb53b8f8ea32ae,0.9996776372962219
ck_af0a6540ea7a36b2,0.01953488209640969
ck_888651bfc2c8cf70,0.0017823479917777397
ck_1dedcb48ac381a1c,0.15857962055806324
ck_f73273e220296be8,0.012369533174970497
ck_8424bf65223a5a9e,0.010752185651465287
ck_337b930fd149a696,0.014019543017523284
ck_8a4952de8a123ef8,0.0020949217750713903
ck_884168153c9c0c81,0.0007444614975909957
ck_fdda581aec411010,0.0011743878007066584
ck_2b7cadbc8b180d32,0.9910517271032988
ck_8aa8b9968233a1ab,0.0001222593898233606
ck_0af18b3ce015d294,0.00397582117603929
ck_8dde670a735d1e90,0.2230912662174668
ck_62f46226f244139f,0.01975643179989748
ck_f948e8a8fdd79b4e,0.006252684308842722
ck_fa00aa0f3e859904,0.03065928048519695
ck_fc7935f784a4f249,0.0013019590535973066
ck_e7501307c0698e5b,0.01088023503177741
ck_549ed417f2834cee,0.0194119222617517
ck_fb2a35571ec719d4,0.08356066642856974
ck_25822068c86c856f,0.0007453870588458309
ck_8f35d229b62c8f23,0.016706573261116422
ck_bdcf049c1e7d0c95,0.010866664274779
ck_0aa9db36eb16422a,0.000561119573377334
ck_42dcf92e9e016922,0.030055987588472215
ck_42341cf31c08c981,0.0034736980674116113
ck_0b20bfc515ba42a2,0.011567171513674932
ck_0ec820b670d48098,0.0007152582256727176
ck_1f0bafec397da8e4,0.005511994155793936
ck_82f07504ab59ed33,0.05010208251765068
ck_337b24a474010abb,0.9997990671524368
ck_703703bda38fdcf8,0.020214396833053067
ck_01e7960c63dca3a4,0.9711271089906873
ck_be5bd81e3715cb8f,0.9733976706343741
ck_197f8058cea1fbea,0.00016627133019546476
ck_eb3fb1106f2f1b21,0.09054743670783257
ck_658b4b54be09a4bc,0.997304702138859
ck_266ce7ccf41ccc50,0.011256510977520425
ck_110608c3b03d4038,0.36497615828202384
ck_1be8cb95d6d9bbf8,0.002482306904780947
ck_8e16a64a776afa82,0.28234483114350223
ck_34bd190d37eda534,0.04779117529312388
ck_4f521611ae14ae66,0.0006029176696679993
ck_d839798f9520363e,0.2874944251770008
ck_d1bbfd246c0ac9d5,0.03190680716328176
ck_f19030e6e85a6776,0.12631856443552697
ck_cdabe60ab59f9d5a,0.002575455479924372
ck_bb84b2b30293f566,0.9251836791390717
ck_427b91925952cb40,0.00874098147466253
ck_1078b1e155b5b640,0.018484658059305922
ck_95fdc264eac72fa0,0.005185650318251418
ck_e35eb857c61548b2,0.9753198761715348
ck_69bd0b1abea7e1f0,0.1196597795406503
ck_59de511b20c842ba,0.03086058904384841
ck_168e7ea341a36b80,0.007489298200954819
ck_4937cfa6526ea138,0.006665952039873746
ck_bb1a981306b750ac,0.22908553693953315
ck_f42a43e4c3f34ccd,0.010794722339452502
ck_c7ae1d4b3ab38185,0.0012592107243384937
ck_bd23cf9bba1dd33f,0.009927723489054109
ck_0fd826fad7ec7cd6,0.06797342713863742
ck_f143641bf3dd0414,0.023128324519087043
ck_ad6d48c20a3688a7,0.0010673368711914377
ck_7bda5b5b927b2905,0.2593402731707893
ck_a337eb38eefdcc88,0.05423108321500963
ck_403da2a2d800df9f,0.6502075635007213
ck_aa01d5aafde73d0a,0.002311054918619497
ck_494954023f0eb309,0.10099008316091276
ck_1c6820fc38135ad9,0.009212958063113919
ck_0e0bab173622db9b,0.031209031362099196
ck_547090bf35a3b243,0.016102076702052198
ck_d69455220b21dc9b,0.003416430327692851
ck_90b4ac695b9c6bf7,0.0013729180596681778
ck_8d2afe17c0082e6a,0.05114343062670027
ck_926b81c0ba528eee,0.007585642625454269
ck_ce36b0c287bd198e,0.07797839034362337
ck_8026e017909aaa6c,0.00933734761996379
ck_dfba788f35d4c372,0.0035989800768686502
ck_f09f9d0e0886e0c6,0.009174002098975778
ck_4ffe0366df388604,0.009128676127899785
ck_75bb521de55644c7,0.07197109979781512
ck_81a960fddf79ecf1,0.9977256783512221
ck_8f43459991ea511f,0.0014409575478631948
ck_f878b68d66fbfd4b,0.001000024745554232
ck_e84abfc0c747c9dd,0.9100034400234234
ck_3ad3fd3cceb56b66,0.9816656267878117
ck_7cf562578c7f158a,0.001333425657564338
ck_f81a97d350397306,0.07659143413121129
ck_255d87b7fb40caa5,0.020412783044899453
ck_b3905153b9eee924,0.004828986652556632
ck_2c80a592fb4cd6a3,0.0007342151841258178
ck_57deb202d4188a29,0.00015753127165552368
ck_e3cb5f31d8e94448,0.9689683227159118
ck_0db62d5f7f75f80f,0.02794869364080117
ck_ced9163ea85589ea,0.060490660549094556
ck_e16528edc694fb33,0.9974477212959263
ck_78cc5ec4940fec3b,0.010911734394863357
ck_31742076e9a998f8,0.005368935269529892
ck_5ac335f02280271e,0.04312660201513695
ck_7cc2e091806cfa5b,0.14906369124021582
ck_3152c7115257f084,0.0025158220855186846
ck_ab1b9d019921bca7,0.016194916212274073
ck_c33a762d98f9b290,0.001303637639437343
ck_b16a7c51b6f7a6b1,0.21002891850074598
ck_97402a153348e68f,0.00011577997249366718
ck_95391029a21caa24,0.14121324920077105
ck_c2015a1200971fe9,0.051875393359068156
ck_ed4427962c68918c,0.9978968305048319
ck_c5e4a17d3efb19a4,0.9162702755629747
ck_8aec3d3dd51517c2,0.0019164427106709069
ck_f5178a658225d8e4,0.0005917101480289403
ck_8594f165e95316d2,0.0004420467032470404
ck_f0c4aac04076a6dc,0.008379257587267874
ck_ac2f7397801036ef,0.04398622792425699
ck_d1ea4bcc407c7d5e,0.0005357014894291982
ck_cce8b6657a538fe0,0.05666761452891309
ck_66d0c6d6b67a8d58,0.00046859235764409076
ck_1a6b30320835e57e,0.008062823156704254
ck_8cd274cc85aa35d1,0.008161138849085396
ck_ada46085a78280e4,0.04047567411143724
ck_ce1b06623e4a815e,0.007502706948511854
ck_45e70c8a9686580c,0.25864681246223303
ck_0084d8ab6b1044f3,0.002276383265619897
ck_a5f7b6fed6df2aba,0.051743929088433886
ck_94940d783e7988e6,0.003374094463559349
ck_00f9ca84d1d8ae7a,0.002564488396526136
ck_0deb56f3f6452818,0.005382223540704032
ck_a58e900469dfc3f0,0.030579303903470165
ck_028c41b195280980,0.0010130895709991614
ck_7661d7ceaeb19f97,0.028530353618178524
ck_6957905a65c47879,0.028045777754850836
ck_f7c6c26ef3c4ae06,0.1204355477268662
ck_8777beb11aabd66d,0.02077415000444883
ck_7db098a17374bbf8,0.9930284186648988
ck_66aeb00e44486cda,0.022911104918341668
ck_838c52cc1d315ec3,0.04270490954697566
ck_1745847cd4e5dc83,0.01920732322022786
ck_201687857ec8b3cc,0.02447611422237786
ck_81818169208a8cda,0.019181934434370995
ck_3303fd3f64632c7c,0.17404654933488017
ck_edf1096809e83ef8,0.0021013275924806865
ck_235ce9603c7dccbf,0.13463446416669317
ck_9df7e153868bca13,0.015178892382978034
ck_3cfeade2cf270fee,0.049412652971747725
ck_982b0bf2e2b6c4f7,0.0018174193211211865
ck_faeb0da678bb86c0,0.002124350463785475
ck_e86ad2fe815b6ed9,0.027389558486215337
ck_70d69e5d1bb99e85,0.059575771754382514
ck_7e9a8924eab779e6,0.969057306789819
ck_019d5891103e7da3,0.03950595416517468
ck_14f0484b3817eda5,0.003355616507796612
ck_85de63d278f0fbae,0.0008621596769139823
ck_ae91b4cff57fb3bf,0.0036183967977198436
ck_2a6d43b9f883b78e,0.7616347189536767
ck_7a4e3d553e8ab5b7,0.15704277822154109
ck_fdf89dc69f700f84,0.0860493794378156
ck_f92e04024bf13558,0.002096865375861773
ck_4a522ca2dc4831a0,0.00028552153809052153
ck_68ba25dc3385fea1,0.007224037765034773
ck_22128a4f0d033422,0.029347612485335052
ck_5b52ee0a13c71590,0.013125372749833776
ck_59472d17debedafc,0.013309525310083364
ck_9dde2c63acda3ba3,0.00044000954519340284
ck_7510b1023cd08531,0.001570888663665181
ck_071ddaaf2e4e3671,0.0513335001246966
ck_1355db6f4010232a,0.047655177685220464
ck_0a7adc2f27f98510,0.3331053984919368
ck_68250033717cd59e,0.0009833402418180381
ck_7c12de74de30b788,0.9482481392806147
ck_65491367584c730c,0.010469581895761625
ck_e9047964952bee70,0.08342580024313986
ck_5567779d6ba184eb,0.04658994363573628
ck_d6ea026357ec6477,0.0028177090670239054
ck_cd7dcc884e283746,0.008879879028950589
ck_0bd77fea8ed75a15,0.03040225766857965
ck_e80883208e8d0453,0.011060286829981565
ck_2ad0ecbacd5acf8e,0.9991960709104116
ck_6c1dbee7e8fdd5c8,0.0065690123174554855
ck_ee4d9a7449515908,0.00017886572070735288
ck_636111f7f030496c,0.009585361408387123
ck_2c629c657f73941f,0.005269181530493279
ck_c1c9d3842d758420,0.12071388197151582
ck_e4df7faacdfe8c40,0.0249894029096418
ck_94e8142728e44380,0.047421432666456376
ck_765aaf42c5088545,0.029004488988113857
ck_e0f845159b6e6a4a,0.016151185290347717
ck_5bc07deb82edbad7,0.002347660181455488
ck_713159c5c6a7a4d0,0.9994064508348026
ck_b08afc91d9ca55db,0.029152734165599343
ck_a7bc323ffed2ea97,0.21653354207910563
ck_85ca825f905a34a1,0.05016397166969461
ck_33160c443d4b3f19,0.014105297136548739
ck_832d39c590a3ca75,0.8731305403850702
ck_7d1661a34164406e,0.9975649546921203
ck_c2466fc40fc9d5ed,0.9990709913927359
ck_ed0e776c0926ce67,0.051751661755678025
ck_cdd2ebeec75bfa69,0.3986720702767928
ck_d7877684c7923ec3,0.00364289206783845
ck_7384d4d2406aabf4,0.009253293451366208
ck_b8e5244e650aa81b,0.03118301753559097
ck_25a1ea40b2d59254,0.001972735961417477
ck_b9e5b318ee4de68d,0.004641643805370052
ck_620d7ae27af83cea,0.006136201086950741
ck_40b4e264d1a12b83,0.9638030529043883
ck_b694c803b62862b3,0.002693400391317506
ck_cbeca201dbade3e5,0.004599377540751793
ck_f9b439c9161c3e52,0.004977688822729277
ck_9880410fcd10a28e,0.00024407147606161426
ck_74928f5f91aa12b2,0.18654350328221828
ck_b6673bbe61d2680d,0.08661888405351074
ck_53c8315b5c30acb4,0.0019496038343223433
ck_78f01d78ea79642f,0.02975396832635447
ck_8582490d6e365a63,0.01450497461370113
ck_af25c72d16299258,0.0007818638102714604
ck_7905fe8e257b0449,0.14499638629545708
ck_0d16d9349e4a9e08,0.00650093193943886
ck_31b16b8848584e98,0.0347190771366628
ck_67207e3eecc02d76,0.04638803519052861
ck_e6b95ff91116a592,0.00814942166797068
ck_c08f622bcd6de6e7,0.019529449739201555
ck_f9a68da9e0f0bc85,0.018238652980773772
ck_4072b59388976896,0.0020626794434401995
ck_8ec86e853ad52828,0.14481870290923793
ck_4fecb87eaffd5cb5,0.0012261288349213826
ck_d6880578428b965e,0.3260765779396218
ck_bfc82b3c1c9f2897,0.9828899656058692
ck_c340644176ca03e7,0.006627327656878635
ck_321e740066fb05c3,0.7359376693286401
ck_8929d2eb09872052,0.01792230821661816
ck_205c107cec528414,0.5136465583889432
ck_e76db7d2562f9836,0.007813064422167363
ck_9ede51c8434cff6e,0.07106127221067408
ck_492e4b89c61b7b6c,0.001991116458491509
ck_9385f5a1eeebefcd,0.039946263987781394
ck_ee52c7bf88f952ab,0.013391957514700844
ck_d8116c34302021d7,0.00017138182688062427
ck_01645ea51972e99a,0.07805599234310572
ck_7b45ed23304a854b,0.005445886678983907
ck_2096d32f3d497ea1,0.23957542690792166
ck_dfbb2056f1ef7d3b,0.015340516419550365
ck_938ce30c864bc7df,0.0034950157913028962
ck_ff30dda2c881a4bd,0.5122651896261106
ck_f88c79186a082beb,0.001947678970040704
ck_08c7bb0f9851cb76,0.04937269664169653
ck_2675e7a008e584a7,0.02175815387616165
ck_cbaf8a954281d4e3,0.9859809710536578
ck_8b24eadf6c72b30c,0.9613297606213822
ck_ffc8e3c1377d0706,0.0024383121573251345
ck_5b59e859bed5b40e,0.028135539638753166
ck_7b61717f172f9317,0.9966747676636665
ck_e5c30947b732f661,0.301282120772032
ck_bc273f3ce79f7e1a,0.0024761920837495974
ck_f69e93388b3028cb,0.10037101347197125
ck_3837ad850996ba60,0.044331689601641563
ck_36d78ff3bc033ee5,0.01480996183016787
ck_5e20953547ba4135,0.09505444876423015
ck_258d661e450ac870,0.0003839899805373129
ck_1df66f537496ca59,0.02231574049449867
ck_361f535599110201,0.0003072782270706721
ck_337e98c69f6e7886,0.011404682186660482
ck_d3d5b2717cfc3913,0.25847348461018665
ck_b1dba768dbe7affe,0.052738549982402384
ck_92d782bd9ce0d1e3,0.01637252482651909
ck_26bd0f8898afc8ba,0.0011680156523901973
ck_7916e53daab36745,0.14177289721086103
ck_2caf553b31831a50,0.0029757596185642538
ck_c6200734c7f9b2f9,0.9888097181725473
ck_cdc55623cb16e6a9,0.01174254037527862
ck_57849e15b61c43b4,0.0004506178433564204
ck_b7af9b2ee0eebbc6,0.08892902975555401
ck_00aa5fc3b3bc66aa,0.05485074164367097
ck_9929723f65636c7f,0.9984332705761563
ck_8f6cce9f69912983,0.002586615600879836
ck_c422ba389ff00781,0.0011804688043201405
ck_9ec7f334604a228f,0.0075871439961554136
ck_5d01200ba3341462,0.0024739833663276044
ck_2bf10be403849c9a,0.011499014862287386
ck_6ca018259f70858f,0.003986964753502993
ck_a54dc042ebb7c766,0.18875221935554704
ck_79da63fc100830b5,0.007666728510330103
ck_67ab6f9e05c85085,0.005477508358499725
ck_fa80da579ea9afc0,0.0014536675181192789
ck_4339f86c87289222,0.8261663258184836
ck_a2299b4f530be0d6,0.47285574873375436
ck_19db0bf788697c2b,0.03030772501928395
ck_fa4211c4d826d830,0.0006954057232254404
ck_96100d5e8e051e91,0.002786421030678127
ck_5c3a671883d58b3f,9.720894226227333e-05
ck_2d9524787cfe1ab3,0.42553094650938106
ck_47ab8e51e5b3a2d8,0.008434550310074621
ck_c924f36bc1bbbaa3,0.0005707136419016017
ck_5c58e7f8fd55e26c,0.000510473199385176
ck_a07e7409d6d5aa06,0.015647089471546655
ck_c8413898f5f7cb7d,0.05730970398304643
ck_577c816b41cab002,0.9808452158530574
ck_9f7807ed64cdb728,0.2723125704715615
ck_495d814d6d6d521e,0.00045810873433094906
ck_7aa8bc018c2b003b,0.0038740207779904678
ck_7c3a6a82f3c3241d,0.040751098900881806
ck_487f7fbc290e4ae2,0.018928558551896953
ck_e556c4d36aadbe03,0.0014652886922319661
ck_7e6569a1b2455cb0,0.0036252352980775215
ck_de2924955926d046,0.007905467031367332
ck_73d60b4630e3937a,0.0015124749479924664
ck_805ee564bd35ef15,0.02385432884506992
ck_0d40961e47797027,0.006192233136971736
ck_f06d00a4f9c87d80,0.0018396961242575318
ck_5ef50fb07b6737d5,0.004558505165941927
ck_16541fc15683e21c,0.002226249637558669
ck_09fd43f1b7e2eca2,0.0017025432237339003
ck_2a2c336a69b8d68d,0.03663942658798333
ck_2685f38930866af0,0.034329551162512885
ck_298278a9da874437,0.0038225972713736046
ck_00bd7803f2530c68,0.03185668612858856
ck_c2b4a1d8c0b6c1cd,0.0009461446485650696
ck_2acb54ca20c3af6c,0.04339323356620148
ck_e3d4b6f681c783ab,0.1053160102691512
ck_f90293f1eba5d7b6,0.0758561504780985
ck_e69d27e8965df0be,0.0017288736073132415
ck_b7f5d10b427346ad,0.0037489054462748533
ck_1ce20e4223a936b1,0.007993748761566916
ck_6b97d1ab90f6bdeb,0.06411785052710128
ck_e30e17db5473c7b2,0.0015515784742249636
ck_154c8efb19dee665,0.002488118098621582
ck_6f5bb0c930644cae,0.9998586856707878
ck_9e17699baa83d173,0.0017983174753451038
ck_9693b1eb70880205,0.003640511313049929
ck_1e97899875bb427b,0.008417399508790422
ck_558a82590f65df69,0.00025450959097536927
ck_18df83242ff3cdbb,0.048807191205232386
ck_80ad4396e1084c68,0.14622315513344122
ck_0a993bc947bab61f,0.019993914639395108
ck_5c2d43ff841632f9,0.020217227289128205
ck_6e4b99fb9725d9fa,0.028949580442289777
ck_e0983999ca26c19e,0.06835685470394816
ck_6573c4947cc8607e,0.05434972885548534
ck_d879d645d6e44207,0.001739136974690373
ck_1375ad9f10688e4a,0.0022526402497053464
ck_7501ebbf4e21f160,0.0005805977489155053
ck_ca60d61cd4dc3bea,0.0003159835742948556
ck_ab9ea095a5c58b4b,0.0031354381493780632
ck_23756522b58df5d8,0.0012898440097048156
ck_90bc176c43d85fd5,0.43033340490804484
ck_908b663b2dda94ad,0.04519380655853767
ck_4df2fb8e4b649e27,0.003700592379586466
ck_5615c6bbdef05291,0.29980534109057777
ck_b62f3e3185251f71,0.00013601381335423857
ck_38d1a22850178f33,0.002446477388825953
ck_5b3ba20c8bb1383b,0.010922225136103048
ck_5576ffc6aaf6f22c,5.031117908442395e-05
ck_cf7a022178165e56,0.0017197060153697052
ck_f2c7a4c50e2ede96,0.04610115608199739
ck_285719c77eadf915,0.000986377092257468
ck_f2aa1b677619ab19,0.008470145833201442
ck_3830c58d841e9e69,0.822025331308522
ck_32eba3510c8eac5e,0.009634966281548002
ck_8955d7b9030d5eb5,0.003933826526286689
ck_6775e387dace7525,0.07597429604376539
ck_0a0cd7f4be606a93,0.04211910814191965
ck_a9f700eee5d638df,0.0025721388035489547
ck_3d7db96995745472,0.02527926859157691
ck_aeed557007d52e9c,7.486139883244302e-05
ck_79b6a86830156b5a,0.021313390318781426
ck_6a1ff9d69466181c,0.9997791067290673
ck_f11b1565f986f5e3,0.005809322914803208
ck_4819327a78615485,0.00100518520190803
ck_3ed9e081959b2f5c,0.0014005338738734478
ck_16af4be191c47d3d,0.00017876275149002115
ck_25122cc0e8b1a662,0.23610177873731883
ck_509c22828d467ba3,0.0700795111955133
ck_31109c899336348d,0.005425211611654442
ck_c51131e53baa59c7,0.0004679128234063327
ck_cf8ecabbc61d3e11,0.006310667089108262
ck_eb6baff0f85ba936,0.012886525897477288
ck_777669e2243204f2,0.9826449603466523
ck_ac0ea27e692acdc9,0.054096621317063394
ck_4c6ea04ce8ca9e2c,0.003909488447841681
ck_ca54b32fca7e94cd,0.005832453794135358
ck_4dfd8947f540eb24,0.011439086795131394
ck_95aff1fe27fb24bb,0.006108490273801704
ck_c7550723b90e5615,0.0010736101205770503
ck_57b3fee69bdf85e8,0.002413269536420598
ck_f823407ace7ff064,0.09872797798625399
ck_a69084a068bcc8aa,0.25506266113622944
ck_c7b17f7b24bef5d7,0.011107402829150237
ck_7c4e588f927c27c8,0.0018040234074274712
ck_77fdac602d0c6f95,0.07552539774367951
ck_e963d8525018d072,0.005117355318405463
ck_6e8ebaea8f7bffaf,0.0003952875552750665
ck_aa42976a31cb7770,0.002315496701179543
ck_22c862a496008c96,0.9996700850114122
ck_527550dd15f38782,0.02176854869693633
ck_b3ab3c210e2c7c19,0.0531448465967787
ck_ed9c56fdb9f45ddc,0.4127558811344722
ck_b53281da70defcfa,0.010067368257933034
ck_03009b721568ee98,0.06279846401181947
ck_3d9afd862b3f4053,0.4786571777879858
ck_ad3c4be96599554a,0.0012301498138357467
ck_d1c787c27d50af49,0.04431761530749299
ck_c7a9c7b2eef46a99,0.0113529696242019
ck_53036d3c6c74446c,0.4458965866240071
ck_1b1efbd9c0964c8d,0.00562387409520844
ck_d66f42a269d5c1ed,0.013870117086928209
ck_fefc49a2b8ad993e,0.004721666542286404
ck_8b3b874249adece9,0.07991483126843846
ck_193d9c87ad3f1dad,0.0009968668004051262
ck_0c6a50d747593b7b,0.011336597358254359
ck_c830f3830875b47a,0.012238821093361907
ck_79e202f06d8dfe42,0.023678501581535047
ck_5c0fe988b8aa7fcb,0.2675126347514848
ck_a8382d8345f21e1e,0.0007953910790605808
ck_8cb20053914692d0,0.01907911611829391
ck_1da2f69023ca4c13,0.0020949973396889015
ck_38abb60995114f8f,0.054717553481838786
ck_f5791fd8fd8fd191,0.006416963452576952
ck_a4e6fc391b674335,0.4926679122119003
ck_bd771efb4a7e15d0,0.008347195810460156
ck_38ba4a6b6a292054,0.09457520359559976
ck_f7a07283345a0dce,0.0002528135213951533
ck_87dc484baaf5a23a,0.002971588282400792
ck_c84ef83489badbfd,0.08529257592189471
ck_a397cd64ec5d644b,0.004145574408923924
ck_7977135c2ff61e92,0.000659344882138849
ck_52174855b243a8b0,0.029579419511328208
ck_0f35e930d0614613,0.9992699611639027
ck_b170a7db522a0d6f,0.04103283509235921
ck_7af748a23775bd54,0.045255159671020305
ck_52f641c9ee6fda70,0.0009382221254201312
ck_c3719a30414bbb4d,0.013364269355810192
ck_2baf214ad6bc0dbf,0.07915303788427777
ck_8b39d8aacfdd72b4,0.024119221782195367
ck_d39b0152116203be,0.008922172758706675
ck_ed33f8a937f9c7c8,0.01411453248496088
ck_8ef97b55a5fd6ec9,7.059574331368488e-05
ck_8247f008a14bd1a2,0.0016685669586855927
ck_f0d349d68249d5db,0.0020472522502285855
ck_a544e766540861fc,0.018887557032368642
ck_9dfaca4c7c80b10d,0.21516048872948504
ck_7e5401c362b2216a,0.0003231230576466051
ck_64ff60c073fdb6db,0.047069018256143846
ck_fc5ea49518e5d637,0.0014552843520934335
ck_580f136ced341298,0.008649169874101723
ck_9cbef9bc95449dca,0.0033125657633533566
ck_e475a3b8ba870a7e,0.002864937915051073
ck_97e94708bcf43563,0.003522679446618194
ck_13f03ec785cbdae1,0.00021787040691726364
ck_152820d8817f478c,0.005217455329579091
ck_d20d4ba60eec9945,0.0027502729834835288
ck_5c45968a805132e0,0.017495028339244916
ck_bebea2cf3063fb24,0.015957301819927546
ck_c3c69aefe7ea1d2f,0.014972340924888241
ck_02028b72f26fe855,0.004657900328182606
ck_dfadff70a58a9133,0.0024442575605937255
ck_6482ed4491bedcaf,0.0018673282214169728
ck_754cd7b4a5ae3f94,0.02062971409142345
ck_3132857aec8485bc,0.0005624663676087695
ck_7ce4ca91b8f9f1c1,0.034058468698541344
ck_41938582f4351772,0.006745838730858461
ck_f87d66946252476c,0.47051010031854634
ck_8053f1879a9b4e43,0.0027838582689898132
ck_93892e91387f5103,0.05775327951501956
ck_15254db133b28371,0.025361260950633735
ck_d557b9feb241b3ec,0.001545694702459644
ck_71c3a8e4c12c989f,0.0026332536436889245
ck_80e3041811033443,0.11816106809702451
ck_3380d60067b4634b,0.00031458105568725074
ck_a9c2cdc758df8510,0.05904367037539411
ck_3c0031d7514da17b,0.016109179605197886
ck_18d214b1418be39d,0.000631982873729073
ck_7ce768407fd48321,0.03145465991281804
ck_7a50abd42298133b,0.009571540978461779
ck_2db10f987d137582,0.02406213624721544
ck_e077d004cd1d80ae,0.007908688863978816
ck_1cb6dc67f9a321b5,0.0944506153350934
ck_b864f64101149c35,0.3077586277337659
ck_9bedf54df9418e4a,0.00042137151212506835
ck_c47e32c47f0e6578,0.45053570080414873
ck_71f382d5e338daa3,0.0003302785695663607
ck_14b4bf7be6ac2b61,0.18352383757353913
ck_5c87eea1cc07cc92,0.017551632660087742
ck_5f445182829ef342,0.023162942834468635
ck_a5d7311291caaa54,0.004679588285813724
ck_b7df99aecef385e6,0.17485460863740832
ck_3327a0582407068b,0.02561102631451097
ck_08dba09fd7dab896,0.038316276980600056
ck_f4ec334be5266378,0.001628976953925824
ck_240f7f894c5a86e7,0.0023366776552958845
ck_a9d994554fc14a02,9.968736381130737e-05
ck_13648cbd306eee6d,0.0002502192935037832
ck_601edf9105b3c321,0.9990192494958051
ck_9527adac182abe57,0.48951915678067154
ck_4e0e80f5cc271bf7,0.0001506088567373646
ck_96a89e720176b389,0.32770558908648945
ck_63560eec94b76d2f,0.006463702558973394
ck_c9c99e5b19aeced8,0.0006062448139014352
ck_bc32655ee5ed643e,0.030135681305493243
ck_edccb5a93b741744,0.005153706922474575
ck_f786cbc987b70930,0.001954387303193632
ck_0e8f26536ccc8947,0.01616915984986992
ck_b87ef4b98cfcec4c,0.03548012588578362
ck_1a9235812de4b2c1,0.04514089069807575
ck_d1ed88ea4211ba4d,0.00042535240809696983
ck_a4ddac49657a4450,0.0219723586826341
ck_d9ffca35188e49d8,0.01858629202024777
ck_3db73bbe03c3d240,0.0006025873466418675
ck_fffa0622344a36ab,0.0006662269434466871
ck_148c28df51bba5e9,0.9663993407224096
ck_076cbc25c8f15fc3,0.995378703292148
ck_e5ca550b39ed45bf,0.4302329003250188
ck_8dacf3a2061ca17d,0.04368172793357273
ck_2d7394afd61643d0,0.0025238632206521627
ck_e42206e91f6a1752,0.0006723747982306906
ck_2f4f94827984c426,0.0008804657698781905
ck_edfe8e90e8f4366e,0.0012032337997861541
ck_646b15f753e5e9c6,0.02985584902449678
ck_66600620149c8799,0.0027978994578999323
ck_4ff6fc70bccfba96,0.3620502798414017
ck_41af3729590c2484,0.002907316881653415
ck_920a48ba8c583e96,0.0013612442353277952
ck_0253b3e7be021306,0.0007254479985305277
ck_2ae6949246ea2648,0.02573878163067895
ck_db23a5100f338d72,0.03767115201656699
ck_fcb2a559474c3493,0.015476917622783429
ck_0a4d7acd2a53cbbd,0.01762973011110627
ck_c5d62b2b7a6f3bac,0.9863233036100951
ck_cf59f4fc0ea690b2,0.00015875212877923572
ck_837be8126bb19250,0.0020717214538999826
ck_58955542edee1adc,0.0030496145199650935
ck_1b93381d8eea58d1,0.0008829762472740255
ck_97b8e05d62abdc14,0.01990405257688818
ck_71a0d645744302a3,0.011343022796203061
ck_a7b57882ab66b111,0.0008693155402002322
ck_65f76421be648549,0.016452515254037608
ck_b53ea8713d32ca7c,0.017833690051014678
ck_991c4c924a1d85ff,0.9150926462119089
ck_8432ccec1a4ec7fd,0.9986594190877316
ck_64c1633297f43788,0.045526498538014916
ck_4291fd9c1161d8e1,0.042041657678991984
ck_5e98ed6391d9f429,0.007616655868397141
ck_c7baebe4549fdbb4,0.038619474357011956
ck_6e67225ba59fa5ae,0.013294796171598356
ck_719602def4d35fe0,0.013483436846823701
ck_bdee7c86f5ebe81f,0.009872940352221454
ck_8de38f8c7f91961f,0.025699079423621183
ck_b0b5bf9254700402,0.004155944943549078
ck_7b55d9bb1a250d4f,0.0388138170701821
ck_3954b7b0fd1d6614,2.8379670983891045e-05
ck_f29471fe7c818d6a,0.0018895763522526767
ck_9e65a8a2f587691a,0.018410965516553808
ck_eaec5f1a83b66eb0,0.5197936409211286
ck_004fe0daecbe2c1a,0.011662248983218104
ck_d17653a4a2d4a79e,0.01857764259256158
ck_0dd417fcbf19e424,0.013043649888423596
ck_4c99a6eadea143e2,0.34244686600262053
ck_74d602c907ee9119,0.00017635427154200596
ck_1aa87cb62acc0ac6,0.003505163835499436
ck_094974d75e29fb2f,0.1361403910341307
ck_5ef935ac3d4d3332,0.019395976804378497
ck_b26e4ae47c9107ed,0.3154632095742772
ck_396cea6f95186ad2,0.0017916273712216529
ck_48446a9e8184c7d4,0.0022762149109496733
ck_31e1ede23247d56b,0.01274756118613982
ck_7afefa349b960a3e,0.007320089114547842
ck_f5e02a3432571b20,0.12990892866036266
ck_64eefec062592c43,0.005264987819751537
ck_a1201284122c141f,0.012735712419116547
ck_1b34c420a4c85a95,0.003714901344446203
ck_d637a011332ba67a,0.014589183954579225
ck_99c0004d8b7079f8,0.004785030390288896
ck_948517bad569b40f,0.07237546240033055
ck_a28d6b1601b472a6,0.14911394698513578
ck_a0b4209feb31f5c0,0.9997650358388889
ck_d6d2c1f6dfc455b6,0.3501002548184029
ck_3f9e6d356d3dd3cf,0.003770919483822237
ck_d08e00c842b75176,0.003841140995108197
ck_bfdd232a7c5f2660,0.06226120936152238
ck_2cdad03ed069438c,0.011190577753712091
ck_42317c3eabd0a285,0.15901658532934776
ck_3eb73e56751c704d,0.016088689177315936
ck_ef33c04f4c9e3758,0.04967542893268829
ck_1dc23dc870f1773d,0.0014807712259352645
ck_76091f357974a152,0.006784964557579156
ck_4d9eb75e8eee90fd,0.18453039635430815
ck_578f67e69e5d2cfd,0.0013286053265072681
ck_3a8ce1cc724229b8,0.0001856823740500256
ck_a96887f841e80fc1,0.040132280518610855
ck_d2d4a8f4a9f2c33f,0.00040207866756012604
ck_11f85bc705dbe036,0.08151010783416848
ck_7429b3f87528e335,0.004770236742251492
ck_26df74feac7ec51d,0.011767834424133396
ck_c78b2638fadd91ab,0.010927165798369344
ck_7eaad325abe3b50c,0.0015263583327173064
ck_fd44e34af620e606,0.056118022128099035
ck_f99738dff854e25f,0.00022896227509125057
ck_1ffbce3a239bb264,0.0006388725952217916
ck_96c7d52ba0a766ef,0.0470096856454006
ck_cb1c00c300af3f9e,0.008483394757894155
ck_ec3d12848ced99f2,0.0007920618350673599
ck_26cfd7c3c6c7bf69,0.0072921645285113955
ck_7ae86b5a885affc3,0.09926445204623575
ck_3edaa94d28cd48ea,0.00077980638076281
ck_3209c530c9812e39,0.011394008258518553
ck_ea62ebfc1f04b49a,0.0015583275126417905
ck_5fc90b4668ea81bf,0.02320268040608765
ck_95654593cdebd141,0.000607914223596021
ck_958c0bd61820147f,0.10098969857008984
ck_8440ef1386c07194,0.001171844750001922
ck_8cd1b68dd74b1375,0.42505919957339433
ck_c9eb4df91ff07f2c,0.03682985933266238
ck_c29489366c01fe65,0.9460266038126866
ck_c965fd6bec0f0ecd,0.0820955729019385
ck_84c402b23766e1f2,0.022651744814003595
ck_181f3dae03b87136,0.03413522805986835
ck_022a8ae79eb28cf6,0.996729800037446
ck_469c17407d17b706,0.054877769621062916
ck_1fcc5843f39148a9,0.0018943724938558506
ck_5debd55f361b2ddf,0.0024791503701752406
ck_28cb9b03e89263f1,0.0008742964250471943
ck_f067470743d3c7a2,0.02315926276587487
ck_d5d225ce41a1a762,0.024100448028090724
ck_15b4840922195ffd,0.0038337745151352585
ck_6bcfa37c717f19f1,0.06278175395531314
ck_8d501a0386c66be8,0.30133668558322535
ck_1a9d6190c57ea7e2,0.5190817406647099
ck_c49832eabdac5bb7,0.0035750381267627865
ck_b4331140b2e0d4aa,0.005937140364012847
ck_5efbea1befdefe1b,0.39474025558634557
ck_72ff52c4824072ce,0.026737093317241733
ck_ec3715add8bbb6e9,5.4184491285753454e-05
ck_9822f8ed05335741,0.03286845689601418
ck_c3d7d3d12a1981a3,0.001634644862280172
ck_a115a7919ac5875a,0.09342442095309667
ck_4dd4ed23e0b927b7,0.18465801656057115
ck_4c76efcc1ee6762d,0.008885783508794374
ck_3ad6e7bf452c9b21,0.023994047664361008
ck_dcbab304b55a42c7,0.0256715589686669
ck_24b53090faf722cf,0.006548468300012597
ck_187317383400491d,0.006135571659808007
ck_e07fd57565c94c28,0.15970798362606825
ck_740e760fdcd27835,0.003681601337735635
ck_d3796aebda1cfed5,0.971635620582016
ck_e541967c681cb929,0.022078247964735637
ck_431118050b834dcb,0.00017100058443442008
ck_90f3655f0c8a0074,0.00010215835401000976
ck_13cd943777651aac,0.006479668357568709
ck_66accecabf3901c0,0.026906272239958375
ck_937f0da2306b2eb9,0.01164382037497443
ck_105b0c93573fd5b7,0.2283496402531257
ck_00480407160e0743,0.0043986076839280675
ck_e032068be7b77d15,0.02946807596072709
ck_991b7dfd69098320,0.0027050712166576136
ck_37d47cf0f34574a2,0.00043781943452221567
ck_011551a596544f5d,0.003346378740172582
ck_9acd98f4fe2d474e,0.27030439863278644
ck_7c88d3d377bb61bb,0.022167865895904172
ck_e2374c7136c964fd,0.062477492059385575
ck_2fa8f2577116e9ca,0.05708583649603599
ck_d07c5b0321c685ea,0.5348020953489288
ck_bc736114a31088a7,0.03072096583003925
ck_32bb42f9bff197f8,0.005947964021924996
ck_66267bbad1f1415f,0.9981532630003471
ck_19988702ccd79201,0.0029222206084841434
ck_f473a03fbcdbc4b0,0.002290749821257281
ck_e3f1d85fa5d49396,0.003992772597625159
ck_c4402ea6291df271,0.014187274570305984
ck_243bd5ca8c4ae5d0,0.0007876243693508573
ck_f271e855925e8d6b,0.36755457231178384
ck_e424148c6f2223df,0.0003916471184158766
ck_e4d0a9e1102a58b5,0.0016224536497525365
ck_91c2a5fe69b9b1d1,0.013041261393890778
ck_5fd8924732fe403e,0.42282985836383935
ck_9a881d5433126ada,0.016442172001852457
ck_73cab88b29c7845d,0.0847963070673419
ck_5b5dea6476d4e182,0.007227474801350586
ck_ccccb17d2ca6ce94,0.06476964710436135
ck_cd1dc68e441222b1,0.9985802220825821
ck_8312c49b1431a406,0.006367447126204446
ck_25fea39897f2a559,0.0032316741371554185
ck_f56200205280bddf,0.06666620274933875
ck_7336611650dcc088,0.0004969547193997365
ck_590716322ff147ae,0.04752518180778941
ck_c82364d87875a1a1,0.006243756783500719
ck_fa4b60387d744fc5,0.0004985077241714897
ck_d841eba8906e9a15,0.0006968005393378648
ck_d6df562a79b9d0d9,0.008085580425548484
ck_59a14d2564193101,0.0047230115972721675
ck_8530158e3d7f59e7,0.0031453395050827747
ck_ac68d707006c12a8,0.02288896474242921
ck_976fac1bb3dd8c58,0.02718440776110688
ck_f854fba8f4adae3d,0.08817829790860546
ck_b98e9c3ec6e7d1e7,0.0021332090609721636
ck_803c0b4cf9d4bc1d,0.02509551255851954
ck_76997a33c3ea5107,0.0003181525587338625
ck_f1a9d832b700bda1,0.9913185060081116
ck_2bd96ddb8c323d63,0.9985416875601083
ck_9e5b7acf51b1b743,0.11696988441792709
ck_09169f22194fd6aa,0.04560313672529764
ck_6d69e092f9b0848b,0.014541620030815586
ck_9f83fa5a2d3b9049,0.005560829560288356
ck_57bbb19eecb4b87c,0.0025010119083621394
ck_e0e9cfabb979f428,0.015448903891831877
ck_b1ff9edc51d42f97,0.0016693155891680887
ck_4682fad271d47eb0,0.9947472213920316
ck_ab33fb754c818ae3,0.01225807357846776
ck_b456f62b80e21557,8.217246706082941e-05
ck_16340be3f2a7fffd,0.0008828567819649367
ck_ce66831f6611014c,0.0040358990250291115
ck_4610a073bb54d1b1,0.02432483841300088
ck_fd038a7d33a9d6e5,0.003191006101477561
ck_c8198cb4c461304f,0.005422123449369131
ck_1e7de58822000dea,0.0028698547164170895
ck_b2a79dd3df560f14,0.18423767919646752
ck_74a06f347b32347f,0.021754114848105445
ck_c6fdb2972417c9bd,0.02335827160719778
ck_d7607a213b800bfb,0.020361062735260695
ck_df65967b8b40319c,0.0008858606816337722
ck_329a73dbd585ee09,0.004908812860567365
ck_74991a9e85c3b07d,0.0012928479263588915
ck_bb76609b79e0bc9f,0.006587992259218261
ck_f7fc1bd0b9ab1fa4,0.004842774271853302
ck_d111c98b36bdb791,0.0011113577096096433
ck_f07e27d125497b66,0.047171239725013296
ck_093e3a7134e11d6b,0.009756775183222635
ck_862c7953bdea48b0,0.01016261281057562
ck_392cf2cdd515c34d,0.0005018015430882434
ck_80eb91b0b4001084,0.13946797833354607
ck_5923f53b77193a58,0.0711399692487458
ck_8049f5fce32be185,0.9841019106272687
ck_ebc5a2c6cf88e252,0.2933648240409039
ck_9ea5872f14cce338,0.03132986404778779
ck_f7fbc95ebf584379,0.0021743822506552673
ck_bafe82c870356706,0.9989873883879539
ck_278b36c5932d9bff,0.009010711148260284
ck_6a892dd5d05c1649,0.00425068639563468
ck_0734fd90b2cabd43,0.01976142404320818
ck_9b552204498b6762,0.00395839302916793
ck_f6c909c205767956,0.020735246453426063
ck_32f590e87bc3d715,0.000224463598344908
ck_66a8325f28be7562,0.005367471052807012
ck_b129261da9c3c3c9,0.0002618588757725549
ck_a524071c51ddde20,0.0021223542147917798
ck_ba576d6d4cb6130b,0.08316373838548202
ck_8d8226520722af78,0.056249931911220095
ck_c5b0f0d4f1655a20,0.013965224335878929
ck_61814ae9b6d8eab1,0.054669619717400975
ck_382ebf136f7fa337,0.365230246531832
ck_423ff4ede6a9f066,0.024241816543488868
ck_546ad962d04b7de4,0.9777069219417083
ck_9473ea4a01c95f9a,0.025566132804672542
ck_9eb1da8cd35a50ce,0.003961155590314041
ck_de5eaa2cdbcb67ff,0.14272933232147902
ck_537cc97d0398c922,0.06991552501835901
ck_998475a2e4dfad4e,0.0022986299203781656
ck_e62eb708d2688fae,0.012184598463084196
ck_ea623358f704daa7,0.2548484787052205
ck_b911a09f328dfd4b,0.001826082482182247
ck_4b3506b624e5193c,0.01642438893831472
ck_448456f96788713b,0.05735604805474323
ck_5d5ef9e75f65d076,0.015426578323837592
ck_3b74512f774a6e5a,0.0025508152176383406
ck_a032e8ac1507c6df,0.8868271607701799
ck_7e2d6b22a0ae20c2,0.218353274583608
ck_d80283209c963f11,0.0015566642850835942
ck_d1157eade2ac3975,0.06845251203718014
ck_be48f583f79427f7,0.015492113092418863
ck_0027b5d4107d65d8,0.14889868383585714
ck_94fff69584dd3b2a,0.007127279682831025
ck_75fcda73f0b43557,0.017263823277427422
ck_a1c78972e4ee4082,0.004291429526405801
ck_f0982bbdbd122f91,0.0036141054314562603
ck_3199b471575aeb3a,0.0030755602950045314
ck_7fa947a0b1c1cf74,0.1487257593143704
ck_a60c618b7f0e4252,0.0009014447308253747
ck_722ac47c8ac9b6c3,0.120076377666157
ck_d44dc3839a195c8a,0.3870355796549973
ck_a2c3e82fab520483,0.027996580212972112
ck_6f8ae0319c07cafe,0.003322098617468383
ck_49886ff1e2c759d6,0.016372744706334923
ck_150a1108f936e6b0,0.006630955874528635
ck_e21f9f96f597695b,0.0024733312798630217
ck_7297bff2b7fdcbc8,0.0018336181442497165
ck_ee949c71f4f702eb,0.9986607361822777
ck_6fc37dea4b4f35c6,0.1347549546951795
ck_e76257caa98dc25d,0.9872454685181085
ck_828eef2334e17b3a,0.01189719632289807
ck_604e1b8a8c693aa7,0.007929033587776059
ck_7743c9fe037d1f9e,0.05094208042931494
ck_864a11202e19e812,0.33666781646445365
ck_4ec040b9e3785e4a,0.003422228163794702
ck_7346e4f820d9c00a,0.990804527711711
ck_48d4d63beb26b623,0.007451544277656715
ck_c423aa6de3ed1e01,0.0024971201792812828
ck_d74b2ead8aaa3f73,0.011422872852251608
ck_1dd69a11daa7bf1a,0.11438015632482507
ck_d9143e236eef177f,0.013884537022198358
ck_f790d91e5ff0eccd,0.4074431218472926
ck_69b5620e00ef5dec,3.468450556564214e-05
ck_cd32e58e8a1c0e85,0.010824997853306892
ck_064013b0957d87a5,0.999544877086628
ck_a481385c2e60dc4a,0.0006069752345465582
ck_d72035cb29db3aa4,0.017293833751171793
ck_3759939a0205306d,0.02409530636910753
ck_f437a53fc832ec95,0.7595285060579526
ck_260ef2f3e6434819,0.09644355720537481
ck_35e411b05d22f663,0.033633015296333765
ck_8bf46e472f3e20de,0.5062062369431749
ck_d546994fc5d3e9d1,0.0013340485085041023
ck_6ff0fc7487e737e7,0.18647307266365165
ck_5c67f27816ae0b6f,0.0029953669600519435
ck_c5517923458106ae,0.006635741735910083
ck_d9735647a6b0b0a7,0.8008073272150006
ck_541a734fc457246f,0.05050761568376375
ck_2f6a639468f41043,0.0020723429246182756
ck_bea2cf7a6b7bb900,0.004470836274523983
ck_7eebd0e6ad6c070e,0.00578831864452884
ck_b64c87d5e3b10e6a,0.9977287859762427
ck_9dd7daacb7833233,0.02444542600957151
ck_396e9ea9a6c6d7d9,0.02208010700681012
ck_1645e6cc53fa99ff,0.005146872567888438
ck_ea2a83ccb8d57490,0.0009727257601828084
ck_e64f0df63e1be595,0.011274980611636062
ck_fa0b234481cb57d3,0.09107700107520453
ck_63379e3c9fe6f711,0.02664331691847633
ck_c67f7944896a0310,0.13402672629415946
ck_c10e54c9db29e6ef,0.9992298362178209
ck_7184ad7709ae4c80,0.053810330246923735
ck_f8b6069d7577fde6,0.0009024024601786728
ck_18444be153bac1ca,0.9869276035626933
ck_d0982b4e0e118e4d,0.011171267283668029
ck_6faf3e6820398866,0.023390533057341997
ck_97e980463aca4644,0.00047747986121224654
ck_630c835243c66b19,0.9993369342297069
ck_fe429ba3e1aa0e4f,0.012299239927751062
ck_1058129ed7b48c59,0.007046707592661404
ck_04a1a46f07885296,0.006433458692844861
ck_f01e94331067edf6,0.023579392683677893
ck_77b2fb17c29f5e72,0.006033433722504858
ck_4f0c5857da45fb28,0.42108132460282244
ck_2cfb9a7775e8a5bc,0.998655211547121
ck_6846100e43659bf3,0.0010324311272221626
ck_f89719a854fe11d7,0.01615167666584216
ck_bf47375e41ca3bc0,0.00025695058261375426
ck_2770b0400a7bef08,0.06596069667527985
ck_2a09d142de1c77ff,0.02109682224278763
ck_857a1f5547b9ad68,0.022021292376664104
ck_185f15b1523bbcf4,0.0010103989500319444
ck_ab2aed614ec1cdf8,0.005824051451437583
ck_a9e7f3b2d5dfd97b,0.0014564023758708094
ck_0eeb3d9b3e697edb,0.018074180183332556
ck_fa5830d81bc8ddc1,0.0026082771385375703
ck_231ae0329ebc3220,0.0026390032016290524
ck_1587763dd54688c9,0.007361609032304619
ck_9f85fea4490c00cf,0.00971881829802689
ck_a2d709e7eb91e4af,0.2346611321033395
ck_43637d28c7216453,0.002999002454014584
ck_f3ab5dd853d38252,0.0034957212712089817
ck_4a1f0172d3bf4fd3,0.004097623997540458
ck_517620ca16505af0,0.0025401122047375617
ck_9ae904fbef56065c,0.0018152690435217838
ck_d5ef1f6e34bb35b8,0.03325255698201016
ck_ff42557857ae3aeb,0.023354361769734162
ck_ad9a18f58589faa7,0.003962586382961449
ck_df1a6edaa3e6b271,0.002291519818340933
ck_99021fe7225b5a68,0.07379080542423155
ck_99e52c3c2530b69e,0.9994109737548902
ck_3a4811dc4a1a891d,0.005489429885876918
ck_ba3a6be026c87079,0.0032725770502823213
ck_da6d1e5cf6aba6fd,0.014346415879126858
ck_ddc7c1f3d45fe6e6,0.022100711305482787
ck_e1b1e7a7e4a15b3e,0.0013590962655446858
ck_8288f7f226e08b89,0.0028865448640062324
ck_c4524993ec31dbe5,0.004243882546837092
ck_8b19bb5b23b6741c,0.06401156100323484
ck_d21b38231a8a9f4a,0.05248731837997112
ck_3f730318a9792292,0.00990754709545899
ck_a4db6e94a8f77f9d,0.0851999903109284
ck_a8cac8d480306839,0.007443706355116903
ck_5472214011fbc2a7,0.0002942886137802943
ck_7356f47dbbbe7904,0.005051055339763698
ck_16801e628e883d78,0.012132408951117397
ck_0dc1e536231c4860,0.0013527340808644444
ck_7cd0634a6e60af83,0.018600856562964414
ck_ef6f8e048ae1bd4b,0.0019649068280332385
ck_82f3f744209888ac,0.009422922288346885
ck_f33188c232a03526,0.521257263170648
ck_4a59f4e10bf45d7f,0.0004295362545210016
ck_d96c893721385e4e,0.0019365009037207298
ck_f65ab819373edb37,0.03976113910366324
ck_21cac21fc10b7768,0.003136983084992624
ck_139b54e6ccbdd7da,0.11836316294213971
ck_d6f5c8741697abb3,0.0452414329382275
ck_a28d9bb5590d458f,0.24559226611494248
ck_ed26d906883bea0a,0.0004812216463813834
ck_227602ad072b838b,0.0003182901521683042
ck_39d5f6c17c745ab1,0.00035827582706955143
ck_744eade757ba69b5,0.03235625352494489
ck_c1295d97cdf35ec2,0.0010840161637774763
ck_69105f881da3c821,0.052073294905889814
ck_933789b55361d7c1,0.9842464639442763
ck_b667952253503174,0.024700742742972345
ck_7bf668e25abeeb05,0.0020786275158831175
ck_91742711dfdffd56,0.04776672905009043
ck_af32a0660090dd68,0.037635478776503764
ck_2122f201e65f76ee,0.0031864007584241896
ck_f48acb73a5d6af07,0.03035839770950168
ck_337c5684510cf432,0.0355135778558071
ck_f7bde7265053364d,0.012539257300350612
ck_c190c7b924edba75,0.10170668993459472
ck_044fa3b3a003f0b5,0.0317101510338044
ck_87eb43e3b9d96169,0.1254846609713308
ck_2d3d6c9364362017,0.004389858950395324
ck_ac55dc6cbcdf8228,0.007426887870130667
ck_61d7b0568ec5d6cf,0.027619420204044065
ck_89c74feeaffa7d09,0.010395045705913201
ck_93776b0c113f41f0,0.023219615451757113
ck_15e0b679931f7a8d,0.008818900294752671
ck_77b56c49cfdb1d81,0.1357655185694036
ck_73188a826b5f499f,0.010587939192389442
ck_4f463ef25325ddfa,0.8960355760480312
ck_863db2e394dc47d1,0.9980041405082908
ck_d52432ed597f3cc9,0.0026461450185934865
ck_04fb61e5739642f8,0.35022286069506664
ck_2e481d75d110c06d,0.13991510277112623
ck_3fa1a523d77cd619,0.02232698843783859
ck_466dc6274fecd708,0.013584113550691222
ck_e1790b3aa2241b10,0.973957731318216
ck_84ad096a46e1a960,0.029657212484826435
ck_3be72c9c178fa00d,0.02408101465901434
ck_5a17c89219d1d9fe,0.001446851834722481
ck_4f639f4ee6ce8d9e,0.16814328233548895
ck_f4ec4a935e51b4db,0.013120526866759399
ck_f04040a830f92bac,0.0033829167678230735
ck_3e4d02a04be2aaf8,0.20429558361990866
ck_4d1baef193cfb900,0.06610330360635601
ck_0fb3153d37626b75,0.00096769550924214
ck_88ec57a11b11f702,0.9977910958207479
ck_dca9dc465f759db4,0.0025017122832238325
ck_64f5fba6af67e024,0.0539624797911562
ck_896096cb167254ef,0.021655012427605345
ck_7878679065876b98,0.051664774301364964
ck_fe8e5a6c880ceb4e,0.0008360186978786943
ck_a5e036327d3d1862,0.0004977418269797355
ck_310f73940fc4cf4f,0.01210419483967358
ck_46a8db16ad00b749,0.015482052774440268
ck_0d33977c3de8cfaf,0.9993440050105991
ck_c6fff412f531db0f,0.0003399991528335529
ck_bac6dadf428eaea9,0.014280302135585355
ck_1b96d9af0d7da2d5,0.001023603201690267
ck_fa8a4a9e77799fcc,0.001263066589611373
ck_0bf48607a874b4d1,0.0008075795432193763
ck_eeb75f8a6439f65e,0.09689338052204491
ck_a209a5f7d172125e,0.0026898226534400674
ck_8f346b72fb40bf14,0.011470712944387094
ck_bccbf9fef367f00f,0.01174304457837233
ck_2d1548f1ee405cc9,0.009909967972083508
ck_e8298ff2dc1e9d50,0.00024176438516019592
ck_77c0fb524edb4a94,0.001208979227949835
ck_28ac4c5134cb8e77,0.21080848666806437
ck_db23a0e3e54be60c,0.9709398058376528
ck_a059d00cee5cee99,0.0016877794265613049
ck_3e9e3bba8bd363af,0.005065663415150118
ck_0428728df24cdab4,0.00033487271207738176
ck_88cd35378075c84f,0.00010025755830875116
ck_0174d76398d9dc0f,0.01344696867309719
ck_3f1287e6c27de0dc,0.015341620887706704
ck_ff822700f3605e06,0.9999265088270501
ck_4563227b2038ae07,0.3868228456277178
ck_788e78065526ee19,0.0298005926352529
ck_8a16eb584093b12f,0.00251153317369526
ck_cc276f71ab6c08fd,0.08219557610229491
ck_d61d97b21002f3e9,0.0347751595614179
ck_4b2e87d86a5e415c,0.04858818157743737
ck_3e6f35e4500d2f2a,0.0002265033521663786
ck_3acdb083e0d8ad61,0.0004225471707704558
ck_cd655202db489010,0.0067145906556515195
ck_829cbf5ccda481ae,0.002932061059646337
ck_f5882e6f98b8b4cd,0.003820639518082484
ck_767947540b234add,0.01930500490129846
ck_a6e8e8f535b1f1d1,0.09428237283971003
ck_58412a2674fea506,0.0017738881227538036
ck_fae7e518a585fa61,0.04003289962891133
ck_9c60ae6958d68dbd,0.7631485011620086
ck_328696b8f5e54ec6,0.16488756276407862
ck_7df3f8f4f1068d62,0.0019073831536332907
ck_cfadd21458230ef7,0.021516407607798476
ck_7048bedd554c703b,0.001024645365635262
ck_50422466f145bfd7,0.0024873457538890776
ck_61e1f7168cd9ff25,0.07374214320302921
ck_733aff0f56f5b3c9,0.08871623776793083
ck_e14892e424180549,0.003282877698449337
ck_03f6664a96de7d0f,0.08660379484438477
ck_b7f4baa2cc82fe61,0.006149262912704075
ck_1e51199a075ca0fa,0.002641716131443443
ck_0e70516fa07cfb17,0.9747624243158746
ck_0f37c554a5057801,0.8099999403792846
ck_5576b725de38d106,0.0007839746724715915
ck_82f360df1e9f4eb8,0.07613309245357015
ck_395f3bd4aacd7ca6,0.016293730937228846
ck_5e8e857b63966609,0.5243368033839817
ck_93470896f0804b6b,0.9988327849461484
ck_3be854e42e76569a,0.0021331153320242806
ck_0567302c57a2417e,0.23815066157373974
ck_ee535461b5f05539,0.6792477076082535
ck_94a096c36162a153,0.04421233322237758
ck_dfc8f5c141fd7c63,0.0009498506361197712
ck_98b34f2d704c1c2a,0.03566151596941663
ck_96dff7a09d45f116,0.07039285767784291
ck_79557434c129ba52,0.007387434932690597
ck_4596624a7c01d501,0.006869899856237027
ck_04e89fbd739243fa,0.00044003047555388696
ck_6149ffaf18872dc8,0.0011603295776122925
ck_cd78f0832a09bd8f,0.6028766799817828
ck_7e29c10d781c3b41,0.0014181632296558853
ck_1f7ee7b23fc6f2f4,0.002908233097505986
ck_c49b685d2b3ab89a,0.0013614772852618873
ck_84569a8fc50e73ac,0.00726895631260189
ck_b92b11d205af91eb,0.0013725966787998458
ck_06280e6d6d2485b0,0.004666385405917918
ck_3c08546dd0c92863,0.004102538884234016
ck_99d3983f907828bf,0.006279719506774555
ck_eccfd552aa652d3c,0.025258965786829162
ck_0cff8153881875ba,0.02626727320496417
ck_c1aebbeca6ab5ff9,0.0007881554958779197
ck_538fdbbb3c2bcbbb,0.0006994303395879439
ck_8c0210322733c718,0.0028496459119315733
ck_0b0c93039f987abc,0.08951154640489357
ck_6d07d6d1bd227d37,0.03637871342663026
ck_9b6ee35e8cd0b11c,0.010111171752835473
ck_d838491d3d4f5ecf,0.007925877750857475
ck_0593ae243a9ebee9,0.013110617410122283
ck_ef261fc09be8eb0b,0.00032274303890785064
ck_d0935b571a4a3868,0.10463276563887611
ck_97d04a67a104af39,0.08425317340484419
ck_e25f70d0b7229420,0.01013105764193045
ck_9b71274ff83de482,0.9975625539301487
ck_6de2aa2bb60978d3,0.016285956359549422
ck_eda55c8fb47593d7,0.005395060517553896
ck_924e572517515f19,0.28917258956426994
ck_d6f27eacbad310f4,0.007799174421716062
ck_8550f229b5eb03ab,0.005132783423649194
ck_e3e95546a84d0ed8,0.021381386735651542
ck_3135c019696ee6af,0.9975404045721519
ck_41ba315d8fccb559,0.003707412398917865
ck_72b86e4485da2d0f,0.9984849065458655
ck_daaa995f3c2f0e47,0.016590209943410702
ck_053746067839696b,0.013018711791164733
ck_a15fe7d0f4b65c33,0.8988167473090477
ck_15de11438732bb05,0.010101639105027206
ck_2c4d25acbe3fabd9,0.23957889294744916
ck_7f08078908599bd2,0.06298286639461942
ck_e794741742fb2619,0.009160917709669869
ck_238e53b6dee8c301,0.0003903599429873705
ck_53a6a33060d5c8b8,0.0033962663965545754
ck_0e0919292ad33472,0.9264512016587341
ck_d86ccf148c06c8c8,0.015337598837136738
ck_c881f26c9bf9ae42,0.7819045157544804
ck_4b0947bf94e9d847,0.046503714692492044
ck_e10ff5c38bd18470,0.006414580055953778
ck_b60de9e97aad9e45,0.806876232287957
ck_190bc849e5ff5401,0.10617623878308717
ck_e7be077aa0b2632c,0.0028713316383561466
ck_a51abde881ebeff3,0.00697485387929284
ck_2208392a9f6bd249,0.014207219797084638
ck_0259da8f109017e9,0.0058766674010196415
ck_05e01ab9c95449da,0.04284512941297266
ck_c82897ebffb6ae66,0.001289632684507369
ck_b4a6bb4689cd7cfa,0.01008610900638722
ck_9e21ea33018ce538,0.0167691159378317
ck_caa348f0e65db062,0.9988115752794515
ck_a964e6b5d8415334,0.9072058559417946
ck_510bfbbee37ff436,0.006577264895670211
ck_9741a82faf5c7889,0.05690413471889161
ck_e7f61b4a39ba98ac,0.008924751405168567
ck_069d158665a53909,0.010045719675560276
ck_6426427efe3228af,0.06787594530538817
ck_ab4a8d02ec3c0fd7,0.0004646519052806415
ck_aefa0d8d933e0eca,0.03024222367589149
ck_232325ef6bce92f1,0.006189952032516171
ck_14e58c3fb26a2b4d,0.02745472899166108
ck_06e73afdec26aecc,0.11191830264593859
ck_3168f4f2778d64e1,0.01055944478426316
ck_ff3998d6858daa21,0.00015922268420086812
ck_bccff46fb0868454,0.39285498673284575
ck_c7d444d90fa86d7c,0.6967984040153664
ck_f0bc3bdee6bfbb94,0.011598776719104085
ck_f7112818a6d81422,0.016877875705776667
ck_aca35dbcb835ad02,0.10971164525429146
ck_f637fabf0f60528f,0.06281089689460953
ck_53d17ab97de1ac3e,0.004230692296807238
ck_c8c1bf16d9113493,0.06576853887887574
ck_e842fb0cf055a83b,0.10793319495671307
ck_93c0cb3dac4891fe,0.004516103548897871
ck_0c1f088e17e46daf,0.11917248517865917
ck_8f4b384955bf57c9,0.015590355285447438
ck_09cd5c4df1e81ac2,0.07520729870904695
ck_1e832a5b2342554f,0.09863033545934129
ck_2cb763a881aee27f,0.00047480405014632
ck_5875828b11406398,0.0027242120388178397
ck_48e84b0cb0b90fa7,0.0388067817759872
ck_833688de8629c5c0,0.0006983437329854816
ck_117d78ccd5820f36,0.032751807015111475
ck_668ec61c4c39cae3,0.000825086470543508
ck_73a7794b659d7a34,0.010580296458637707
ck_10f90d879209734f,0.0010429698030824464
ck_d1d079913aa158bf,0.005164622558948814
ck_01c631b38e8a9535,0.0457591897414465
ck_f6923088c17a04e2,0.22561215649988167
ck_b447badc9138987d,0.0029466575010592255
ck_8b772caed8f1541c,0.0010416122643922522
ck_5403c76fe68a08ba,0.5153879038955871
ck_3e6833574edf1736,0.00314879312206351
ck_e527fbb9450a4581,0.9868163040872713
ck_cc90e219f1ebf390,8.56043517232603e-05
